{
    "no_parameters": 20,
    "no_observations": 44,
    "problem_parameters": {
        "prior_mean": 0.0,
        "prior_std": 1.0,
        "observations": [ 7.8782626,  -1.25882747, -1.8389386,  -0.64506096, -0.59891751, -0.22087843,
 -0.25514232, -0.62600802, -0.4083681,  -1.08599258, -0.94012863,  7.83974695,
 -1.28309962, -0.46037671, -0.25295488, -1.04938212, -0.74692936, -0.99447907,
 -1.21916702, -0.60385799, -0.89100275, -0.33849745,  7.8782626,  -0.8252861,
 -1.31070595, -1.52150774, -1.09632192, -0.89589452, -0.53141792, -0.19955137,
 -0.11693072, -0.78255809, -0.59808828,  7.83974695, -0.5814729,  -1.0357299,
 -0.54422708, -0.28653474, -0.51027563, -0.84705686, -0.90502656, -1.69835431,
 -0.79324005, -0.63782892 ],
        "noise_std": [0.4, 0.1, 0.1, 0.1, 0.1, 0.1, 0.1, 0.1, 0.1, 0.1, 0.1,
                      0.4, 0.1, 0.1, 0.1, 0.1, 0.1, 0.1, 0.1, 0.1, 0.1, 0.1,
                      0.4, 0.1, 0.1, 0.1, 0.1, 0.1, 0.1, 0.1, 0.1, 0.1, 0.1,
                      0.4, 0.1, 0.1, 0.1, 0.1, 0.1, 0.1, 0.1, 0.1, 0.1, 0.1]
    },
    "paths_to_append": [
        "/home/simona/GIT/Simple_Python_PETSc_FEM"
    ],
    "solver_module_path": "examples/solvers/MyFEM_wrapper_grf.py",
    "solver_module_name": "MyFEM_wrapper_grf",
    "solver_init_name": "FEM",
    "solver_parameters": {
        "no_parameters": 20,
        "no_observations": 44,
        "no_configurations": 4,
        "n": 60,
        "quiet": true,
        "tolerance": 1e-8,
        "PC": "icc",
        "use_deflation": false,
        "deflation_imp": 1e-2
    },
    "no_solvers": 30,
    "samplers_list": [
        {
            "type": "MH",
            "max_samples": 200,
            "time_limit": 60,
            "proposal_std": 0.2,
            "surrogate_is_updated": true
        },
        {
            "type": "DAMH",
            "max_samples": 10000,
            "time_limit": 120,
            "proposal_std": 0.3,
            "surrogate_is_updated": true
        },
        {
            "type": "DAMH",
            "max_samples": 1000000,
            "time_limit": 3600,
            "proposal_std": 0.3,
            "surrogate_is_updated": false
        }
    ],
    "surrogate_type": "rbf",
    "surr_solver_parameters": {
        "kernel_type": 1
    },
    "surr_updater_parameters": {
        "kernel_type": 1,
        "no_keep": 500,
        "expensive": false
    }
}
