{
    "debug": true,
    "no_parameters": 2,
    "no_observations": 72,
    "problem_parameters": {
        "prior_mean": [6e-15, 0.17],
        "prior_std": [1e-15,0.1],
        "observations": [300.0,         409.85716283, 520.12219873, 630.68858499, 674.88869657,
 675.55911925, 676.29847787, 676.69220054, 675.78164529, 673.1961293,
 667.83242559, 660.3826724,  651.06823751, 634.69513436, 616.39277684,
 597.48377959, 578.33755271, 574.64527181, 300.0,         364.95166607,
 430.23415416, 495.6877066,  521.8527291,  522.29389682, 522.67443097,
 522.9131922,  523.02152666, 522.97053653, 522.72313955, 522.24658871,
 521.44071431, 519.67343527, 516.97474966, 513.64549574, 509.51151027,
 508.6381248,  300.0,         188.95312852,  80.94793751, -24.95145903,
 -66.9323226,  -62.13397796, -56.9297955,  -52.37653794, -47.61194104,
 -43.61575555, -38.94998359, -33.89528316, -28.22674928, -18.87978745,
  -8.58653726,   1.99955005,  12.71454973,  14.7463336,  300.0,
 251.72232119, 203.66242951, 155.80266151, 136.74540247, 137.11621973,
 137.64628204, 138.19562362, 138.77776737, 139.1839319,  139.49514313,
 139.71398161, 139.91679436, 140.17437445, 140.60934401, 141.14972967,
 141.8882768,  142.02954914],
        "noise_std": 10.0
    },
    "paths_to_append": [
        "/home/domesova/GIT/Endorse-2Dtest-Bayes"
    ],
    "solver_module_path": "examples/solvers/flow_wrapper.py",
    "solver_module_name": "flow_wrapper",
    "solver_init_name": "Wrapper",
    "solver_parameters": {
    },
    "no_solvers": 1,
    "samplers_list": [
        {
            "type": "MH",
            "max_samples": 10000,
            "time_limit": 43200,
            "proposal_std": 1.0,
            "surrogate_is_updated": false
        }
    ]
}
