{
    "debug": true,
    "no_parameters": 2,
    "no_observations": 72,
    "problem_parameters": {
        "prior_mean": [6e-15, 0.17],
        "prior_std": [1e-15,0.1],
        "observations": [300.0, 343.84249524, 387.76459842, 431.7489598, 475.79641717,
 519.90627065, 564.07631229, 608.30296029, 652.58154937, 674.7331202,
 675.0410331,  675.48498088, 675.90316224, 676.39561242, 676.80543055,
 677.11710334, 677.31671911, 677.30226568, 300.0,        325.87280497,
 351.85336255, 377.90014849, 403.9974329,  430.13354816, 456.29959222,
 482.4886105,  508.6951901,  521.80224577, 522.03135636, 522.29607285,
 522.50111742, 522.69779612, 522.8379827,  522.93628606, 523.00344499,
 523.05918465, 300.0,        254.65931086, 210.09071827, 166.15301063,
 122.74343166,  79.77619748,  37.18029957,  -5.10271903, -47.12087832,
 -68.06906996, -65.65558871, -62.57867536, -59.95837668, -57.10489664,
 -54.75208207, -52.78752844, -51.12088028, -48.95072707, 300.0,
 280.62518256, 261.30239193, 242.01622231, 222.76772326, 203.55617807,
 184.37995024, 165.23697342, 146.12493999, 136.57640822, 136.75566838,
 137.0214606,  137.27700731, 137.59224054, 137.87949742, 138.13859665,
 138.37059699, 138.67958571],
        "noise_std": 1.0
    },
    "paths_to_append": [
        "/home/simona/GIT/Endorse-2Dtest-Bayes"
    ],
    "solver_module_path": "examples/solvers/flow_wrapper.py",
    "solver_module_name": "flow_wrapper",
    "solver_init_name": "Wrapper",
    "solver_parameters": {
    },
    "no_solvers": 1,
    "samplers_list": [
        {
            "type": "MH",
            "max_samples": 10,
            "time_limit": 10,
            "proposal_std": 1.0,
            "surrogate_is_updated": false
        }
    ]
}
