$MeshFormat
4.1 0 8
$EndMeshFormat
$PhysicalNames
11
1 10 "Inner boundary"
1 11 "Outer boundary"
2 1 "Region 0"
2 2 "Region 1"
2 3 "Region 2"
2 4 "Region 3"
2 5 "Region 4"
2 6 "Region 5"
2 7 "Region 6"
2 8 "Region 7"
2 9 "Outer"
$EndPhysicalNames
$Entities
53 39 9 0
1 0 0 0 0 
2 1.364853644132559 1.367586084772278 0 0 
3 1.865974469497876 1.86971015536797 0 0 
4 -1.368186619872609 1.365452979362161 0 0 
5 -1.870319182713347 1.866582280004994 0 0 
6 2.1875 0 0 0 
7 2.8875 0 0 0 
8 -1.368186619872609 1.365452979362161 0 0 
9 -1.870319182713347 1.866582280004994 0 0 
10 -1.364853644132559 -1.367586084772277 0 0 
11 -1.865974469497876 -1.86971015536797 0 0 
12 2.1875 0 0 0 
13 2.8875 0 0 0 
14 -1.364853644132559 -1.367586084772277 0 0 
15 -1.865974469497876 -1.86971015536797 0 0 
16 1.368186619872609 -1.365452979362161 0 0 
17 1.870319182713347 -1.866582280004994 0 0 
18 2.1875 0 0 0 
19 2.8875 0 0 0 
20 1.368186619872609 -1.365452979362161 0 0 
21 1.870319182713347 -1.866582280004994 0 0 
22 1.364853644132559 1.367586084772278 0 0 
23 1.865974469497876 1.86971015536797 0 0 
24 2.1875 0 0 0 
25 2.8875 0 0 0 
26 1.865974469497876 1.86971015536797 0 0 
27 5.622451153750314 5.63370731597209 0 0 
28 -1.870319182713347 1.866582280004994 0 0 
29 -5.634325486830023 5.623068089501228 0 0 
30 2.8875 0 0 0 
31 8.1875 0 0 0 
32 -1.870319182713347 1.866582280004994 0 0 
33 -5.634325486830023 5.623068089501228 0 0 
34 -1.865974469497876 -1.86971015536797 0 0 
35 -5.622451153750315 -5.633707315972089 0 0 
36 2.8875 0 0 0 
37 8.1875 0 0 0 
38 -1.865974469497876 -1.86971015536797 0 0 
39 -5.622451153750315 -5.633707315972089 0 0 
40 1.870319182713347 -1.866582280004994 0 0 
41 5.634325486830025 -5.623068089501226 0 0 
42 2.8875 0 0 0 
43 8.1875 0 0 0 
44 1.870319182713347 -1.866582280004994 0 0 
45 5.634325486830025 -5.623068089501226 0 0 
46 1.865974469497876 1.86971015536797 0 0 
47 5.622451153750314 5.63370731597209 0 0 
48 2.8875 0 0 0 
49 8.1875 0 0 0 
50 50 -50 0 0 
51 50 50 0 0 
52 -50 50 0 0 
53 -50 -50 0 0 
1 -1.368186719872612 1.365452879362163 -1e-07 1.364853744132561 1.75000009999999 1e-07 1 10 2 4 -2 
2 1.364853544132559 1.367585984772278 -1e-07 1.865974569497876 1.86971025536797 1e-07 0 2 2 -3 
3 -1.870319282713358 1.866582180005006 -1e-07 1.865974569497888 2.450000099999991 1e-07 0 2 3 -5 
4 -1.870319282713347 1.365452879362161 -1e-07 -1.368186519872609 1.866582380004995 1e-07 0 2 5 -4 
5 -2.18750010000014 -1.367586184772284 -1e-07 -1.364853544132566 1.365453079362168 1e-07 1 10 2 10 -8 
6 -1.870319282713347 1.365452879362161 -1e-07 -1.368186519872609 1.866582380004995 1e-07 0 2 8 -9 
7 -2.887500100000146 -1.86971025536797 -1e-07 -1.865974369497878 1.866582380004996 1e-07 0 2 9 -11 
8 -1.865974569497876 -1.86971025536797 -1e-07 -1.364853544132559 -1.367585984772277 1e-07 0 2 11 -10 
9 -1.364853744132553 -1.750000099999961 -1e-07 1.368186719872603 -1.365452879362153 1e-07 1 10 2 16 -14 
10 -1.865974569497876 -1.86971025536797 -1e-07 -1.364853544132559 -1.367585984772277 1e-07 0 2 14 -15 
11 -1.86597456949788 -2.450000099999857 -1e-07 1.870319282713349 -1.866582180004998 1e-07 0 2 15 -17 
12 1.368186519872609 -1.866582380004994 -1e-07 1.870319282713347 -1.365452879362161 1e-07 0 2 17 -16 
13 1.364853544132557 -1.36545307936216 -1e-07 2.187500099999953 1.367586184772278 1e-07 1 10 2 22 -20 
14 1.368186519872609 -1.866582380004994 -1e-07 1.870319282713347 -1.365452879362161 1e-07 0 2 20 -21 
15 1.865974369497873 -1.866582380004992 -1e-07 2.887500100000133 1.869710255367967 1e-07 0 2 21 -23 
16 1.364853544132559 1.367585984772278 -1e-07 1.865974569497876 1.86971025536797 1e-07 0 2 23 -22 
17 -1.870319282713359 1.866582180005006 -1e-07 1.865974569497887 2.450000099999991 1e-07 0 2 28 -26 
18 1.865974369497876 1.86971005536797 -1e-07 5.622451253750314 5.633707415972089 1e-07 0 2 26 -27 
19 -5.634325586830029 5.623067989501232 -1e-07 5.622451253750318 7.750000099999772 1e-07 0 2 27 -29 
20 -5.634325586830023 1.866582180004994 -1e-07 -1.870319082713346 5.623068189501228 1e-07 0 2 29 -28 
21 -2.887500100000146 -1.86971025536797 -1e-07 -1.865974369497877 1.866582380004995 1e-07 0 2 34 -32 
22 -5.634325586830023 1.866582180004994 -1e-07 -1.870319082713346 5.623068189501228 1e-07 0 2 32 -33 
23 -8.187500100000301 -5.63370741597209 -1e-07 -5.622451053750319 5.623068189501232 1e-07 0 2 33 -35 
24 -5.622451253750315 -5.633707415972089 -1e-07 -1.865974369497876 -1.86971005536797 1e-07 0 2 35 -34 
25 -1.86597456949788 -2.450000099999857 -1e-07 1.870319282713351 -1.866582180004998 1e-07 0 2 40 -38 
26 -5.622451253750315 -5.633707415972089 -1e-07 -1.865974369497876 -1.86971005536797 1e-07 0 2 38 -39 
27 -5.622451253750323 -7.750000099999785 -1e-07 5.634325586830028 -5.623067989501235 1e-07 0 2 39 -41 
28 1.870319082713348 -5.623068189501226 -1e-07 5.634325586830025 -1.866582180004994 1e-07 0 2 41 -40 
29 1.865974369497872 -1.866582380004991 -1e-07 2.887500100000133 1.869710255367968 1e-07 0 2 46 -44 
30 1.870319082713347 -5.623068189501226 -1e-07 5.634325586830024 -1.866582180004994 1e-07 0 2 44 -45 
31 5.622451053750326 -5.623068189501236 -1e-07 8.187500100000257 5.633707415972097 1e-07 0 2 45 -47 
32 1.865974369497876 1.86971005536797 -1e-07 5.622451253750314 5.63370741597209 1e-07 0 2 47 -46 
33 -50.0000001 -50.0000001 -1e-07 50.0000001 -49.9999999 1e-07 1 11 2 53 -50 
34 49.9999999 -50.0000001 -1e-07 50.0000001 50.0000001 1e-07 1 11 2 50 -51 
35 -50.0000001 49.9999999 -1e-07 50.0000001 50.0000001 1e-07 1 11 2 51 -52 
36 -50.0000001 -50.0000001 -1e-07 -49.9999999 50.0000001 1e-07 1 11 2 52 -53 
37 -8.187500100000301 -5.63370741597209 -1e-07 -5.622451053750319 5.623068189501232 1e-07 0 2 29 -35 
38 -5.622451253750323 -7.750000099999785 -1e-07 5.634325586830028 -5.623067989501235 1e-07 0 2 35 -41 
39 5.622451053750326 -5.623068189501236 -1e-07 8.187500100000257 5.633707415972097 1e-07 0 2 41 -27 
1 -1.870319282713358 1.365452879362161 -1e-07 1.865974569497888 2.450000099999991 1e-07 1 1 4 1 2 3 4 
2 -2.887500100000146 -1.86971025536797 -1e-07 -1.364853544132559 1.866582380004996 1e-07 1 2 4 5 6 7 8 
3 -1.86597456949788 -2.450000099999857 -1e-07 1.870319282713349 -1.365452879362153 1e-07 1 3 4 9 10 11 12 
4 1.364853544132557 -1.866582380004994 -1e-07 2.887500100000133 1.86971025536797 1e-07 1 4 4 13 14 15 16 
5 -5.634325586830029 1.866582180004994 -1e-07 5.622451253750318 7.750000099999772 1e-07 1 5 4 17 18 19 20 
6 -8.187500100000301 -5.63370741597209 -1e-07 -1.865974369497876 5.623068189501232 1e-07 1 6 4 21 22 23 24 
7 -5.622451253750323 -7.750000099999785 -1e-07 5.634325586830028 -1.866582180004994 1e-07 1 7 4 25 26 27 28 
8 1.865974369497872 -5.623068189501236 -1e-07 8.187500100000257 5.633707415972097 1e-07 1 8 4 29 30 31 32 
9 -50.0000001 -50.0000001 -1e-07 50.0000001 50.0000001 1e-07 1 9 8 33 34 35 36 -39 -38 -37 -19 
$EndEntities
$Nodes
49 1884 1 1884
0 2 0 1
1
1.364853644132559 1.367586084772278 0
0 3 0 1
2
1.865974469497876 1.86971015536797 0
0 4 0 1
3
-1.368186619872609 1.365452979362161 0
0 5 0 1
4
-1.870319182713347 1.866582280004994 0
0 10 0 1
5
-1.364853644132559 -1.367586084772277 0
0 11 0 1
6
-1.865974469497876 -1.86971015536797 0
0 16 0 1
7
1.368186619872609 -1.365452979362161 0
0 17 0 1
8
1.870319182713347 -1.866582280004994 0
0 27 0 1
9
5.622451153750314 5.63370731597209 0
0 29 0 1
10
-5.634325486830023 5.623068089501228 0
0 35 0 1
11
-5.622451153750315 -5.633707315972089 0
0 41 0 1
12
5.634325486830025 -5.623068089501226 0
0 50 0 1
13
50 -50 0
0 51 0 1
14
50 50 0
0 52 0 1
15
-50 50 0
0 53 0 1
16
-50 -50 0
1 1 0 14
17
18
19
20
21
22
23
24
25
26
27
28
29
30
-1.202478302570485 1.461878721502646 0
-1.029305820674266 1.544162846858025 0
-0.8501410384774833 1.61243497152775 0
-0.6662884340257231 1.666846790355205 0
-0.4789195061027592 1.707544174617897 0
-0.289105445626907 1.734649113347608 0
-0.09784776725553918 1.748248415198353 0
0.09389307299688829 1.748387204866134 0
0.285170329684273 1.735065948361426 0
0.4750241092248536 1.708240422545742 0
0.6624540266121027 1.667824626296254 0
0.8463906228944135 1.613697203512754 0
1.025664801083846 1.545712618219596 0
1.198975155403846 1.463719060852719 0
1 2 0 2
31
32
1.490118329207593 1.493101550081289 0
1.653327328871823 1.656637294598616 0
1 3 0 7
33
34
35
36
37
38
39
1.439455393946122 2.123861882736791 0
0.977258818065565 2.305416470938001 0
0.4926681294023779 2.414074993260166 0
-0.002676758286515434 2.449998947285726 0
-0.4979641655214475 2.413292570932458 0
-0.982377919470344 2.303849627125066 0
-1.444264667606332 2.121510057605729 0
1 4 0 2
40
41
-1.657242175036802 1.653931000757283 0
-1.49370375278388 1.490719328707581 0
1 5 0 16
42
43
44
45
46
47
48
49
50
51
52
53
54
55
56
57
-1.524752492096407 -1.254823930366885 0
-1.673153179226547 -1.127323112891938 0
-1.807774977778696 -0.9853668164796469 0
-1.926094915756099 -0.8295790259639537 0
-2.025422752896858 -0.6610628639629075 0
-2.103057815466135 -0.4815335999457392 0
-2.156535995305722 -0.2934034774996033 0
-2.183942866197135 -0.09975909281785042 0
-2.184219016261263 0.09581161183335081 0
-2.157353481336736 0.2895317119099499 0
-2.104385842420997 0.4778059698035513 0
-2.027216065051917 0.6575354107433137 0
-1.928300361276765 0.8262934942792384 0
-1.81033739485146 0.982351388635329 0
-1.676019450819194 1.124594874745841 0
-1.527873873237062 1.252391677386519 0
1 7 0 8
58
59
60
61
62
63
64
65
-2.240898158579831 1.545088740787475 0
-2.543772584328334 1.159316395080013 0
-2.760225525525494 0.7193687020532816 0
-2.87333138937383 0.2424098742758602 0
-2.872701488883189 -0.2477261998364394 0
-2.758397076268658 -0.7244002785956378 0
-2.540903970596753 -1.163836471733958 0
-2.237191239588092 -1.548951237446024 0
1 8 0 2
66
67
-1.653327328871824 -1.656637294598616 0
-1.490118329207594 -1.49310155008129 0
1 9 0 14
68
69
70
71
72
73
74
75
76
77
78
79
80
81
1.202478302570476 -1.461878721502632 0
1.029305820674256 -1.544162846858007 0
0.8501410384774746 -1.612434971527729 0
0.6662884340257148 -1.666846790355181 0
0.4789195061027527 -1.707544174617871 0
0.2891054456269013 -1.734649113347581 0
0.09784776725553482 -1.748248415198325 0
-0.09389307299689074 -1.748387204866106 0
-0.2851703296842745 -1.735065948361398 0
-0.4750241092248528 -1.708240422545715 0
-0.6624540266120991 -1.667824626296229 0
-0.8463906228944083 -1.613697203512732 0
-1.025664801083839 -1.545712618219577 0
-1.198975155403838 -1.463719060852704 0
1 11 0 7
82
83
84
85
86
87
88
-1.439455393946102 -2.123861882736731 0
-0.9772588180655442 -2.3054164709379 0
-0.4926681294023675 -2.41407499326004 0
0.002676758286509485 -2.449998947285592 0
0.4979641655214274 -2.413292570932335 0
0.9823779194703107 -2.30384962712497 0
1.444264667606306 -2.121510057605672 0
1 12 0 2
89
90
1.657242175036802 -1.653931000757283 0
1.493703752783881 -1.490719328707581 0
1 13 0 16
91
92
93
94
95
96
97
98
99
100
101
102
103
104
105
106
1.524752492096374 1.254823930366867 0
1.673153179226487 1.127323112891911 0
1.807774977778609 0.9853668164796139 0
1.926094915755985 0.8295790259639166 0
2.02542275289672 0.6610628639628704 0
2.103057815465974 0.4815335999457092 0
2.156535995305545 0.2934034774995832 0
2.18394286619695 0.09975909281784202 0
2.184219016261078 -0.09581161183334334 0
2.157353481336559 -0.2895317119099307 0
2.104385842420837 -0.4778059698035184 0
2.027216065051779 -0.6575354107432759 0
1.928300361276651 -0.8262934942792006 0
1.810337394851373 -0.9823513886352948 0
1.676019450819133 -1.124594874745814 0
1.527873873237028 -1.252391677386501 0
1 15 0 8
107
108
109
110
111
112
113
114
2.240898158579824 -1.545088740787471 0
2.543772584328324 -1.159316395080011 0
2.760225525525482 -0.7193687020532789 0
2.873331389373817 -0.2424098742758594 0
2.872701488883176 0.2477261998364347 0
2.758397076268648 0.7244002785956313 0
2.540903970596744 1.163836471733953 0
2.237191239588086 1.548951237446019 0
1 18 0 10
115
116
117
118
119
120
121
122
123
124
2.207472349884461 2.21189171542289 0
2.548970230271046 2.55407327547781 0
2.890468110657632 2.89625483553273 0
3.231965991044217 3.23843639558765 0
3.573463871430802 3.58061795564257 0
3.914961751817387 3.92279951569749 0
4.256459632203972 4.264981075752409 0
4.597957512590558 4.607162635807329 0
4.939455392977143 4.94934419586225 0
5.280953273363728 5.29152575591717 0
1 19 0 24
125
126
127
128
129
130
131
132
133
134
135
136
137
138
139
140
141
142
143
144
145
146
147
148
5.245885657835783 5.950260757682622 0
4.850799652718652 6.243375729445916 0
4.438807037860932 6.512211515665616 0
4.011532141755759 6.756031268988735 0
3.570603954520927 6.974194985611024 0
3.117651198146481 7.166153075171911 0
2.654299020248349 7.331440059891624 0
2.182166975701423 7.469668734765525 0
1.702868139811394 7.580524941287209 0
1.218008985491537 7.663763110545022 0
0.7291901914812362 7.71920256914231 0
0.2380078468717001 7.746724757878459 0
-0.2539448277734124 7.746271344066345 0
-0.745075572030686 7.717843285820598 0
-1.233791096973042 7.661500848143215 0
-1.718495198160639 7.577364567339352 0
-2.197587022336475 7.465617171328765 0
-2.669459884876498 7.326506391023387 0
-3.132500500726986 7.160348676461123 0
-3.585089119596478 6.967533680812767 0
-4.02560042525436 6.748529519486198 0
-4.452405643237142 6.503888604325918 0
-4.863875835639821 6.234253983531872 0
-5.258386927454692 5.940365749762463 0
1 20 0 10
149
150
151
152
153
154
155
156
157
158
-5.292143095546689 5.281569379547024 0
-4.949960704263354 4.940070669592822 0
-4.60777831298002 4.598571959638619 0
-4.265595921696686 4.257073249684415 0
-3.923413530413352 3.915574539730212 0
-3.581231139130018 3.574075829776009 0
-3.239048747846683 3.232577119821806 0
-2.896866356563349 2.891078409867603 0
-2.554683965280015 2.5495796999134 0
-2.21250157399668 2.208080989959197 0
1 23 0 25
159
160
161
162
163
164
165
166
167
168
169
170
171
172
173
174
175
176
177
178
179
180
181
182
183
-5.98864883764052 5.284786395936252 0
-6.321429271295623 4.9252935704828 0
-6.631161278976089 4.545764538711726 0
-6.916392540889267 4.147495912520802 0
-7.175737995539965 3.73190819596517 0
-7.407895992706711 3.300544740838324 0
-7.611664690653125 2.855068933529725 0
-7.785959001127324 2.397258254473792 0
-7.929827159194048 1.928995537929285 0
-8.042466399036305 1.452257121583171 0
-8.123236964557845 0.9690982276196282 0
-8.171673857984976 0.4816356249598566 0
-8.187495668668523 -0.007971714056827135 0
-8.170610054437621 -0.4975435233313644 0
-8.121115559016628 -0.984899888708254 0
-8.039299671617488 -1.467882895129726 0
-7.925633235219343 -1.944377469251658 0
-7.780761506067319 -2.412330710646006 0
-7.60549233167069 -2.86976910069294 0
-7.400782069704507 -3.314813062529069 0
-7.167719871762804 -3.745688707769714 0
-6.907511089478581 -4.160736485659826 0
-6.621460345890091 -4.558417004665375 0
-6.310955144107264 -4.937313784822677 0
-5.977449744655948 -5.296134224072795 0
1 24 0 10
184
185
186
187
188
189
190
191
192
193
-5.280953273363729 -5.291525755917169 0
-4.939455392977144 -4.949344195862249 0
-4.597957512590559 -4.607162635807329 0
-4.256459632203973 -4.264981075752409 0
-3.914961751817388 -3.92279951569749 0
-3.573463871430803 -3.580617955642569 0
-3.231965991044217 -3.238436395587649 0
-2.890468110657632 -2.896254835532729 0
-2.548970230271047 -2.55407327547781 0
-2.207472349884462 -2.21189171542289 0
1 27 0 24
194
195
196
197
198
199
200
201
202
203
204
205
206
207
208
209
210
211
212
213
214
215
216
217
-5.245885657835787 -5.950260757682623 0
-4.850799652718657 -6.243375729445919 0
-4.438807037860937 -6.512211515665621 0
-4.01153214175576 -6.756031268988743 0
-3.570603954520928 -6.974194985611033 0
-3.117651198146479 -7.166153075171922 0
-2.654299020248347 -7.331440059891635 0
-2.182166975701421 -7.469668734765538 0
-1.702868139811393 -7.580524941287222 0
-1.218008985491536 -7.663763110545036 0
-0.7291901914812309 -7.719202569142324 0
-0.238007846871699 -7.746724757878472 0
0.2539448277734129 -7.746271344066359 0
0.745075572030684 -7.717843285820611 0
1.233791096973047 -7.661500848143227 0
1.718495198160641 -7.577364567339364 0
2.197587022336477 -7.465617171328776 0
2.669459884876493 -7.326506391023401 0
3.132500500726984 -7.160348676461135 0
3.585089119596475 -6.967533680812778 0
4.02560042525436 -6.748529519486206 0
4.452405643237142 -6.503888604325926 0
4.863875835639822 -6.234253983531877 0
5.258386927454693 -5.940365749762466 0
1 28 0 10
218
219
220
221
222
223
224
225
226
227
5.292143095546691 -5.281569379547023 0
4.949960704263356 -4.940070669592821 0
4.607778312980022 -4.598571959638617 0
4.265595921696688 -4.257073249684415 0
3.923413530413353 -3.915574539730212 0
3.581231139130019 -3.574075829776009 0
3.239048747846685 -3.232577119821806 0
2.896866356563351 -2.891078409867603 0
2.554683965280016 -2.5495796999134 0
2.212501573996682 -2.208080989959198 0
1 31 0 25
228
229
230
231
232
233
234
235
236
237
238
239
240
241
242
243
244
245
246
247
248
249
250
251
252
5.988648837640521 -5.284786395936254 0
6.321429271295624 -4.925293570482796 0
6.631161278976082 -4.54576453871172 0
6.916392540889252 -4.147495912520797 0
7.175737995539946 -3.731908195965161 0
7.407895992706686 -3.300544740838317 0
7.611664690653098 -2.855068933529711 0
7.785959001127291 -2.39725825447378 0
7.929827159194011 -1.928995537929276 0
8.042466399036265 -1.452257121583169 0
8.123236964557803 -0.9690982276196223 0
8.171673857984933 -0.4816356249598541 0
8.187495668668479 0.007971714056829683 0
8.170610054437576 0.4975435233313635 0
8.121115559016586 0.9848998887082497 0
8.039299671617446 1.467882895129724 0
7.925633235219305 1.944377469251654 0
7.780761506067283 2.412330710646002 0
7.605492331670659 2.869769100692936 0
7.400782069704475 3.314813062529073 0
7.167719871762784 3.745688707769709 0
6.907511089478564 4.160736485659825 0
6.621460345890082 4.558417004665372 0
6.310955144107258 4.937313784822678 0
5.977449744655948 5.296134224072798 0
1 33 0 9
253
254
255
256
257
258
259
260
261
-40 -50 0
-30 -50 0
-20 -50 0
-10 -50 0
0 -50 0
10 -50 0
20 -50 0
30 -50 0
40 -50 0
1 34 0 9
262
263
264
265
266
267
268
269
270
50 -40 0
50 -30 0
50 -20 0
50 -10 0
50 0 0
50 10 0
50 20 0
50 30 0
50 40 0
1 35 0 9
271
272
273
274
275
276
277
278
279
40 50 0
30 50 0
20 50 0
10 50 0
0 50 0
-10 50 0
-20 50 0
-30 50 0
-40 50 0
1 36 0 9
280
281
282
283
284
285
286
287
288
-50 40 0
-50 30 0
-50 20 0
-50 10 0
-50 0 0
-50 -10 0
-50 -20 0
-50 -30 0
-50 -40 0
2 1 0 25
289
290
291
292
293
294
295
296
297
298
299
300
301
302
303
304
305
306
307
308
309
310
311
312
313
0.1952352188748903 1.935627704348361 0
-0.1751767965870686 1.946821735959379 0
0.6037399454096631 1.850350533353881 0
-0.6244859647342518 1.838956662329674 0
0.9990242672745678 1.744845204533689 0
-1.010316880831245 1.710396020713701 0
1.380558009821734 1.724272825949298 0
-1.383663295680987 1.727184321611871 0
-1.192558500276276 1.659653147593 0
1.186890303532625 1.649296862449148 0
-0.8096326461696056 1.813377338527432 0
0.805339738093828 1.813340112518263 0
-0.4404962225210651 1.919205975717487 0
0.3771059739575041 1.871074896128012 0
0.01617411973489245 1.913703550113713 0
-1.137221030761685 1.91648840823676 0
1.176467817822059 1.900226925829012 0
-0.7218330099508277 2.080584215599641 0
0.6943940352069357 2.077308073774156 0
-0.2955633470369388 2.166556022615171 0
0.4046516955827771 2.056311481843485 0
-1.328118094236848 1.540977699755452 0
1.324279088419672 1.539595276820947 0
0.9304969352925911 1.968227357518624 0
0.09075889452634502 2.126156347918 0
2 2 0 31
314
315
316
317
318
319
320
321
322
323
324
325
326
327
328
329
330
331
332
333
334
335
336
337
338
339
340
341
342
343
344
-1.7306776517158 -1.287448393961161 0
-1.727957133265819 1.299363882258757 0
-2.369570777930726 -0.006126990740959709 0
-1.982957832448382 -1.01306727588251 0
-2.033363979571878 1.020734818217186 0
-2.28172903170385 0.4054401510799625 0
-2.308008747600577 -0.4339324359979626 0
-1.886855354371945 1.181600266236113 0
-1.863397681495189 -1.172926920933013 0
-2.368584547495085 0.220102770463534 0
-2.347138316024207 -0.2217643338648493 0
-2.22144604877724 0.6344994595061382 0
-2.233232273498371 -0.6445025193807412 0
-2.145934332408642 0.8404890442859134 0
-2.121692622475793 -0.8313381398158699 0
-2.420347270651932 0.8003005957462567 0
-2.503714940431446 0.444967751407056 0
-2.544451463830059 -0.375585886512866 0
-1.929932116899017 -1.39546892424375 0
-1.925379041698201 1.399005718244604 0
-2.147061999757129 1.246068493480916 0
-2.381469344384766 -0.8764313079224947 0
-2.151077829698285 -1.143145753996803 0
-2.600340769492695 0.0926527067243592 0
-1.869663857662574 -1.591129178417269 0
-1.681205951119057 -1.465264299910348 0
-1.679029752162904 1.472576095384146 0
-1.877279548567089 1.602384058267397 0
-2.546840563232175 -0.1517101408461511 0
-2.445111781116486 -0.6109704856819405 0
-2.258096033343583 1.013381869362057 0
2 3 0 25
345
346
347
348
349
350
351
352
353
354
355
356
357
358
359
360
361
362
363
364
365
366
367
368
369
-0.1952352188748971 -1.935627704348323 0
0.1751767965870581 -1.946821735959334 0
-0.6037399454096591 -1.850350533353853 0
0.6244859647342414 -1.838956662329641 0
-0.9990242672745585 -1.744845204533667 0
1.010316880831233 -1.710396020713682 0
-1.380558009821725 -1.724272825949282 0
1.383663295680977 -1.727184321611856 0
1.192558500276263 -1.659653147592984 0
-1.186890303532616 -1.649296862449132 0
0.8096326461695941 -1.813377338527407 0
-0.8053397380938211 -1.813340112518238 0
0.440496222521055 -1.919205975717443 0
-0.3771059739575051 -1.871074896127982 0
-0.01617411973490374 -1.913703550113668 0
1.13722103076167 -1.916488408236736 0
-1.176467817822045 -1.900226925828996 0
0.7218330099508107 -2.08058421559958 0
-0.6943940352069268 -2.0773080737741 0
0.2955633470369228 -2.166556022615089 0
-0.4046516955827799 -2.056311481843425 0
1.32811809423684 -1.540977699755441 0
-1.324279088419665 -1.539595276820935 0
-0.930496935292579 -1.96822735751858 0
-0.09075889452635109 -2.126156347917925 0
2 4 0 31
370
371
372
373
374
375
376
377
378
379
380
381
382
383
384
385
386
387
388
389
390
391
392
393
394
395
396
397
398
399
400
1.730677651715762 1.287448393961122 0
1.727957133265781 -1.299363882258716 0
2.369570777930522 0.006126990740957563 0
1.98295783244831 1.013067275882458 0
2.03336397957178 -1.020734818217123 0
2.281729031703667 -0.405440151079924 0
2.308008747600395 0.4339324359979225 0
1.886855354371878 -1.181600266236057 0
1.863397681495121 1.17292692093296 0
2.36858454749488 -0.2201027704635109 0
2.347138316024012 0.2217643338648269 0
2.221446048777085 -0.634499459506083 0
2.233232273498214 0.6445025193806863 0
2.145934332408514 -0.8404890442858494 0
2.121692622475666 0.831338139815811 0
2.420347270651825 -0.8003005957462093 0
2.503714940431316 -0.4449677514070315 0
2.544451463829848 0.3755858865128174 0
1.929932116899012 1.395468924243713 0
1.925379041698177 -1.399005718244564 0
2.147061999757053 -1.246068493480823 0
2.381469344384615 0.8764313079223928 0
2.151077829698222 1.143145753996758 0
2.600340769492457 -0.09265270672435522 0
1.869663857662573 1.591129178417258 0
1.681205951119057 1.465264299910332 0
1.679029752162909 -1.47257609538413 0
1.877279548567095 -1.60238405826738 0
2.546840563232003 0.1517101408461363 0
2.445111781116344 0.6109704856818901 0
2.258096033343499 -1.013381869362003 0
2 5 0 192
401
402
403
404
405
406
407
408
409
410
411
412
413
414
415
416
417
418
419
420
421
422
423
424
425
426
427
428
429
430
431
432
433
434
435
436
437
438
439
440
441
442
443
444
445
446
447
448
449
450
451
452
453
454
455
456
457
458
459
460
461
462
463
464
465
466
467
468
469
470
471
472
473
474
475
476
477
478
479
480
481
482
483
484
485
486
487
488
489
490
491
492
493
494
495
496
497
498
499
500
501
502
503
504
505
506
507
508
509
510
511
512
513
514
515
516
517
518
519
520
521
522
523
524
525
526
527
528
529
530
531
532
533
534
535
536
537
538
539
540
541
542
543
544
545
546
547
548
549
550
551
552
553
554
555
556
557
558
559
560
561
562
563
564
565
566
567
568
569
570
571
572
573
574
575
576
577
578
579
580
581
582
583
584
585
586
587
588
589
590
591
592
-0.4420599659049095 7.305221884571031 0
1.389877336180623 7.199341361253683 0
-2.78447432573303 3.335948382223255 0
0.2761060362327371 2.861008490223369 0
3.044205247769017 3.705593737877626 0
-2.254728025690205 7.054669541677525 0
2.763841942769127 6.831175856262556 0
-0.8132076180507877 2.778417877424117 0
-3.828500924372916 4.334317514830542 0
4.130870648683113 4.731817695533191 0
-3.682370789983594 6.47888554200926 0
2.435661510997409 3.081399964874342 0
0.4125479137019188 7.318665504070619 0
-1.475412851254119 7.264017295295695 0
3.633196644125348 6.504602669234356 0
-4.483122950441734 5.065659958194794 0
-2.087846211458394 2.675168988515373 0
4.419530459379006 6.01267562458335 0
1.361642560846864 2.618324378246077 0
-4.399297464874485 5.998651513733238 0
4.833680026439944 5.373078419765601 0
-4.840653354905091 5.677694392098317 0
-1.318024695476107 2.668226027812753 0
-1.170729172802822 3.140555592355957 0
-0.6907425590431964 3.249293539966361 0
-1.026366763643723 3.609914040435303 0
-0.5651280522225175 3.726200054213153 0
-0.8853292355827527 4.082157525299685 0
-0.4051859211821453 4.192828972920459 0
-0.7385644112456441 4.552502977644801 0
-0.2578302205021425 4.663148328094906 0
-1.219429776843986 4.444196793464423 0
-0.5932831085192835 5.023364208441066 0
-0.1129114924023116 5.133953549783669 0
0.2228828776582026 4.773744480084528 0
0.3669293486786874 5.244305532402443 0
0.7023312251120251 4.884518204478898 0
0.8462138723364659 5.354287395348705 0
1.181007277419357 4.995290833568682 0
1.324651740756435 5.464294145745852 0
1.658960991765647 5.105849225908186 0
1.04143264284122 4.529614490120441 0
-0.4487782524766305 5.494408970350166 0
-0.9286209788132436 5.383814522005143 0
0.5112075618241975 5.714315963332909 0
1.802335767499207 5.574322538310913 0
2.136125135204869 5.215815966361822 0
1.993088650787054 4.748266123855299 0
2.46927025344285 4.858228240230388 0
2.612272210685858 5.325319475771257 0
-0.7843132360509424 5.854653836230185 0
-1.263825397712438 5.744144197501142 0
-1.511393203188325 3.507046291489849 0
1.468423961594288 5.933229774353543 0
-0.06837594560759501 3.823850662345131 0
2.945029306050439 4.968022519592992 0
3.088105437357006 5.434474162210535 0
2.32670132838818 4.391246762495043 0
1.946444651702255 6.043201584783935 0
-1.408119045686591 5.274148680595313 0
-1.743005563579087 5.633934611097416 0
-1.887042578047933 5.164321660934259 0
-2.220831716937857 5.523705782920436 0
-2.365182317490665 5.055620690176699 0
-2.697969787984036 5.41365325834957 0
-2.554855045402538 5.881907250168243 0
-1.598840696871624 6.103890686934752 0
-2.841559372198964 4.946296923921931 0
-3.174019277482501 5.30389039057652 0
-2.509460245747182 4.588944439394566 0
1.850331761380511 4.280943369879033 0
-0.3043452685287719 5.965162729099593 0
2.756210785687033 5.792707127988347 0
-0.6402320156473291 6.325387187776895 0
-0.1602916008966464 6.435922634261535 0
2.18424382345092 3.924325624675308 0
1.727871659937124 3.831949087033713 0
-2.971662646672997 4.476330368203276 0
1.612881859861673 6.399117556356757 0
1.134822314932872 6.289094996069822 0
3.415672678072251 5.090281158735918 0
3.562804793328462 5.545596009694906 0
3.310655999804009 4.566187377115295 0
-2.639109843504884 4.136742958789246 0
-2.175699458231864 4.234000574806148 0
2.076625550517354 6.499081955893759 0
-2.303083203477363 3.789176429698005 0
0.8708976187066131 2.7770836062004 0
0.6247883861373454 3.289800766960358 0
1.251301858261499 3.101366152680328 0
1.055976391788229 3.571280819844403 0
0.6440392457119102 3.728887400383343 0
1.70958107762129 2.893887015229383 0
-3.05585729320581 4.047516571563687 0
2.091443878107199 3.482195748366344 0
2.540403840727635 3.58807013513512 0
-0.2847986058917362 2.921960432770164 0
0.05949023654602499 3.307083097512298 0
3.964736634558584 5.195788442805189 0
4.027741550585346 5.706867224956156 0
-0.4962799493730929 6.796107756955593 0
-0.975943747317388 6.685423341621575 0
0.007058591623984626 6.940081509215362 0
0.3281198316478754 6.5329166826993 0
-1.84120055572322 3.875066315444636 0
-1.976761905160566 3.42515854302615 0
-1.690024207218868 2.990049207397617 0
-1.364383712315906 3.976488994033945 0
-1.699325352913792 4.339397029936222 0
-3.291904861993947 4.8430962215486 0
-3.632596887197041 5.208917853664456 0
-3.506499427914382 5.660547457155324 0
-3.978425293546992 5.586202542740374 0
-3.838913177380889 6.017822638044762 0
2.801765966119253 4.50113820215595 0
1.745323291743005 6.842977161765957 0
-1.073526005913013 4.914096766487919 0
2.659329344369064 4.03434919716729 0
0.557935487578098 4.441269284951418 0
0.07218403540602263 4.32917340032998 0
0.03146850005239728 5.604580571550005 0
0.1769006775338709 6.072723177504899 0
-1.119740147752083 6.214581943055841 0
-1.447946003654715 6.542928629460787 0
-1.925452232707813 6.426016683820768 0
1.516315289989588 4.638281485499196 0
-2.07588034008429 5.98673998713417 0
-2.403837189594148 6.315330951248124 0
-2.883887475381536 6.245048133626451 0
-2.701652808171061 6.758489509245932 0
2.407766552072118 6.137192138803788 0
3.447353195536098 4.055775823539772 0
-4.157744934876563 4.705115763226888 0
-3.028999052330778 5.766821494952382 0
3.789372768296535 4.38963613547827 0
0.9900940820914053 5.823110459822813 0
2.276859183808556 5.681426472003343 0
2.881894739458012 6.297276131330958 0
-1.553138714369333 4.80655341677677 0
2.254879454181145 6.965253803507034 0
4.479312114883085 5.05595983297991 0
-2.438669901698589 3.007578283314281 0
1.400365808932158 4.194585803511702 0
0.656787856558086 6.181066397136927 0
0.8072954184607952 6.626640352294919 0
-2.031641444466795 4.698139635337444 0
3.213020534102769 5.892608841989023 0
3.626433945444689 6.039259364045884 0
-1.786189576421667 6.867401335880426 0
1.280996156797646 6.71752324795741 0
1.794838602776249 2.418450833664562 0
3.208258911416068 6.67509626846925 0
-0.9487025480617077 7.186271434309685 0
0.8726360549967422 7.29290371432079 0
0.918532477130102 4.058222865358374 0
-3.223710665613222 6.61769800366562 0
-3.360730098100734 6.131137211575633 0
-0.007637794440243135 7.38039808047843 0
4.036021340282864 6.294797774384398 0
-4.42535122562651 5.452364798971843 0
-1.738298291742571 2.445107942854198 0
1.607663783680078 3.398083969742235 0
-4.068401901479988 5.139028204154615 0
2.146798457222573 2.700939383129065 0
-3.401226857976609 4.410526738349757 0
3.051459534098838 4.169820219427382 0
4.804304081286349 5.793777549351302 0
-3.730062727982844 4.773500382629143 0
3.722261745882898 4.794742161933573 0
2.828540940239182 3.301951013801494 0
4.413683529858038 5.49476910505719 0
-3.152162191503341 3.650751543349799 0
-3.49039865610034 3.988793789600002 0
-4.079717500146095 6.349555563519875 0
0.5313117335972147 6.926193053116044 0
2.477001647799551 6.545995977159619 0
-2.725092119268541 3.738370772295796 0
-0.3245954131189749 3.39462850604682 0
1.868320403332377 7.227893748417341 0
-2.381456248900829 3.390138180485558 0
3.312560954909377 6.281768655013894 0
0.3908508783972551 4.02385222811608 0
-2.074789643028509 3.058398725716945 0
5.127228066521989 5.611877650564529 0
2.043194217939746 3.101487921199738 0
0.3038289817516435 3.632347246818624 0
-1.886482534772621 7.245813982304352 0
1.348495018840533 3.810047933215891 0
-4.790389999554602 5.26558466085423 0
0.9957767196069054 6.947968060003323 0
-1.311272004838148 6.899087613155479 0
-2.224268298209496 6.66157509206092 0
2 6 0 205
593
594
595
596
597
598
599
600
601
602
603
604
605
606
607
608
609
610
611
612
613
614
615
616
617
618
619
620
621
622
623
624
625
626
627
628
629
630
631
632
633
634
635
636
637
638
639
640
641
642
643
644
645
646
647
648
649
650
651
652
653
654
655
656
657
658
659
660
661
662
663
664
665
666
667
668
669
670
671
672
673
674
675
676
677
678
679
680
681
682
683
684
685
686
687
688
689
690
691
692
693
694
695
696
697
698
699
700
701
702
703
704
705
706
707
708
709
710
711
712
713
714
715
716
717
718
719
720
721
722
723
724
725
726
727
728
729
730
731
732
733
734
735
736
737
738
739
740
741
742
743
744
745
746
747
748
749
750
751
752
753
754
755
756
757
758
759
760
761
762
763
764
765
766
767
768
769
770
771
772
773
774
775
776
777
778
779
780
781
782
783
784
785
786
787
788
789
790
791
792
793
794
795
796
797
-7.564451987757442 1.589492139596411 0
-7.563014527125703 -1.618584218700201 0
-3.286013036810625 -0.01846574236964573 0
-3.706635985110855 -3.105270308457601 0
-3.71478262092065 3.098925695826475 0
-6.939528488601951 -3.343404506985063 0
-6.947440383877445 3.330897088988926 0
-7.821487122835634 -0.257374059632946 0
-2.991265148354082 1.104262417447849 0
-3.015034714406188 -1.092029038469702 0
-4.630641562633997 -4.127007634636681 0
-4.641920006423156 4.118294184785928 0
-6.461531489863299 -4.136842738996346 0
-6.347832131222012 4.127400944328513 0
-7.29560338381226 -2.486082609999219 0
-7.301142028178559 2.471947864549957 0
-7.725300521956607 0.6834193568312603 0
-3.036093088291008 2.532057340997038 0
-3.030181699422939 -2.537700290696719 0
-5.377161277352447 -4.87037019156505 0
-5.389508213994064 4.86000164782384 0
-3.352870459569878 0.4925250200053995 0
-3.729447553949613 0.2397063131907194 0
-3.709447978206921 -0.2666354110723379 0
-4.145001898416397 -0.007333835319063347 0
-4.142991643498073 -0.4972119849994506 0
-4.146534055014574 0.485756608465236 0
-4.569779831106636 0.2394588752922051 0
-4.570802870676482 0.7295611224279428 0
-4.993990968662909 0.483934894559591 0
-4.994703601005023 0.9734853273347601 0
-5.417808755909258 0.7285103097080409 0
-5.417064943065375 0.2389564214350628 0
-5.41860141917991 1.217444568443471 0
-4.995715758143117 1.462519110443045 0
-5.419114340546841 1.706022206841446 0
-5.841278234690034 0.9724911165981454 0
-4.996667054136879 1.950831104052205 0
-5.419510018444743 2.194181922868799 0
-4.573608499597716 1.707824857393077 0
-5.841940832783442 1.949637645390381 0
-4.997618071038746 2.438702136592069 0
-5.420034019118391 2.68180434626741 0
-4.9983765115767 2.925807722464141 0
-5.420536896514309 3.169002522952903 0
-5.842462381670315 2.924986060154286 0
-4.148041725051444 0.9752452468157076 0
-4.57632939363683 2.683327920602314 0
-4.577536766418677 3.169724011030615 0
-5.842326787045865 3.411294387941844 0
-5.426978823106015 3.645179423954424 0
-3.721416876384757 -0.7380863102300828 0
-4.144615698298176 -0.9833350630377982 0
-4.567757160495052 -0.7394060062832825 0
-4.567625163602268 -1.227410327596305 0
-4.990685833670528 -0.9837963864130254 0
-4.990207650644105 -1.472174918239317 0
-5.413327618485662 -1.228411622691831 0
-5.412557483459619 -1.716676057779917 0
-4.989732629424298 -1.960312064453684 0
-5.411791654228709 -2.204730587529698 0
-5.835979145474382 -1.473033561469265 0
-4.988924792876206 -2.44776206183965 0
-5.410699724990684 -2.69243439291211 0
-5.836679202824167 -0.9844555060987339 0
-4.144911042101044 -1.471317939579465 0
-5.833823555867651 -2.449227817978532 0
-6.259705362153451 -1.229203878345582 0
-6.260319908476152 -0.7403039593411778 0
-5.832862968600741 -2.937099483010632 0
-4.988032142923529 -2.935120224457906 0
-6.683649225183586 -0.9853459714324773 0
-6.684275167645946 -0.4960762833143136 0
-6.681509667380373 -1.474307354904284 0
-4.567275396716767 -2.20373152707503 0
-6.260940646453969 -0.251280374208352 0
-6.6848470549232 -0.006739177004149565 0
-6.25460525500116 -2.69126885229614 0
-7.101055172311213 -0.7528881890903851 0
-4.991477269324911 -0.4952763103843638 0
-6.256976639952753 -2.205446789391447 0
-6.262147100510539 0.2381702848832652 0
-6.685764861994241 0.4826281395342989 0
-7.080553472115531 0.2299462420061194 0
-2.552261062282516 -1.977923177824652 0
-2.556981613151617 1.973312254654343 0
-6.231204487103334 -3.174337380596548 0
-5.831714216894656 -3.425368406948463 0
-7.186810674647861 0.7318849817434173 0
-6.699305765069055 0.9727978573798601 0
-6.241002779715283 3.161905954795166 0
-6.259303815932372 2.677031982248181 0
-5.857255922226952 3.893888116977008 0
-5.421498848693526 4.143719847219272 0
-5.872037308107426 4.336344944950297 0
-6.766320947631956 -2.476538258044089 0
-7.119016399870596 1.234127051379604 0
-6.689307835721559 1.463891450675471 0
-3.228339707195056 -0.5850486238247716 0
-4.567326670432601 -1.715620628184487 0
-4.145013515753491 -1.958982563528848 0
-3.725370084770374 -1.719386364354394 0
-4.155424807164974 -2.446265553244223 0
-3.750917148720531 -2.19413755375821 0
-3.325520393433797 -1.896404809769134 0
-4.568910120682926 -2.690705264100915 0
-4.566820833580923 -3.177234667028384 0
-4.992696639620619 -3.410750547918626 0
-4.606571417695593 -3.645683963718099 0
-4.114040929142335 -3.466267641997165 0
-5.410359060737848 -3.17792463504091 0
-5.414616891338362 -3.653824640945116 0
-5.799683865434118 -3.908928548695943 0
-5.403690969339365 -4.153879812428155 0
-5.823819468075385 -4.399786184139834 0
-5.006206162801149 3.400022478480659 0
-4.61845051800325 3.637483578100076 0
-4.123397403606015 3.458969663785479 0
-4.575082445184655 2.195735572075174 0
-4.152161994331367 1.953072618842942 0
-4.149950638476755 1.464396028540764 0
-3.730919319603174 1.713868771701458 0
-3.756073422448997 2.188375844659102 0
-3.330618744715129 1.890761702744685 0
-4.167814315565588 2.438122073892177 0
-3.737748280159898 0.7313905265799875 0
-3.748621819414219 1.225498145599454 0
-4.572137182158423 1.218838615492549 0
-4.158401756439005 2.921506847877151 0
-3.742395336028451 -1.232098821192497 0
-5.837342691317261 -0.4960673754207036 0
-7.080952177669106 -0.2629191581070813 0
-4.568397708173396 -0.2510263410845695 0
-4.992499294522116 -0.006066369105456841 0
-7.198532005691709 -1.260628032131474 0
-7.567455882070989 -0.9440795175751027 0
-5.841688400562107 1.461203329423915 0
-5.834953943167477 -1.961100421272478 0
-5.413760281581747 -0.7402912546383116 0
-3.346266099683401 2.803548587029265 0
-3.339570054506546 -2.809787997085733 0
-5.841295277989495 2.436750090224658 0
-6.258373670597875 -1.717579544941406 0
-6.680585642841518 -1.962605659758341 0
-5.415035923596578 -0.2510620486501255 0
-5.838811894699392 -0.006093119890706989 0
-6.264596774966293 1.705512181874345 0
-6.264520599987707 2.192858584418896 0
-6.772705590694565 2.462732154613398 0
-5.840082948214083 0.4832045100069896 0
-4.149259946819041 -2.928920206033965 0
-6.265393999090859 0.7276091745549328 0
-6.266928501683318 1.217250851751111 0
-6.686337896675736 1.949118942410369 0
-5.079346099752838 4.425043083864224 0
-7.099464957258118 -1.72067560031012 0
-5.065812953501742 -4.434102991111463 0
-7.103428000236747 1.705380898318121 0
-6.260428898103874 3.628876919741943 0
-6.236194187147523 -3.707570510726848 0
-6.647666688058679 -3.003343955409326 0
-6.654748749108052 2.990678675041651 0
-7.569067293727882 1.124841936660304 0
-3.336454246267223 1.401166735950514 0
-3.336642431500517 -1.404147299975339 0
-7.109232318246674 -2.915658582276617 0
-7.115932905869743 2.901978242926996 0
-7.477039129057291 -2.061985610032516 0
-7.481491885275302 2.047566342437512 0
-7.800129385266233 0.2213606338805469 0
-6.710304191623445 -3.750180596388226 0
-6.709669414791996 3.730919744160525 0
-5.855976388433978 4.807946795740679 0
-5.831422916239104 -4.811726307824317 0
-3.757265660175013 2.639526713803499 0
-3.749374912982224 -2.646278328240654 0
-2.852135108375784 1.591623783866658 0
-2.85243249397963 -1.593796750145829 0
-5.033396749175289 3.877801913970289 0
-5.019909045388933 -3.88644337654465 0
-7.481360185144684 -0.5088003464583891 0
-7.062289470317651 -2.13989996045769 0
-7.068139935113262 2.125756053752206 0
-6.202252215138534 -4.524643921663732 0
-6.224406391116812 4.529963621577452 0
-3.403336214744856 -0.9835503210917707 0
-3.405431340849441 0.9762557759997255 0
-7.452640697545102 -0.02742848370070809 0
-7.832405760701111 -0.6385394671412112 0
-7.449736919430027 0.3808020432822342 0
-3.365212046424637 2.353621404939219 0
-3.359172975852597 -2.359599032558741 0
-5.638729810058289 5.14843657920966 0
-5.630146666743244 -5.150984470854937 0
-4.303350500529193 3.883002072002557 0
-4.298072051689341 -3.888985252934195 0
-6.560966092744279 3.376912493904823 0
-6.549340022886517 -3.406840628191558 0
-2.949287427706365 2.148492697852557 0
-2.944756475873755 -2.153249556078813 0
-7.729592532778158 -1.286058431384009 0
-3.076624772734545 0.7069643579564235 0
-6.085658589205116 -4.149855169277381 0
-5.512722093610434 4.488809381823604 0
-5.492417599110638 -4.500651620445209 0
2 7 0 192
798
799
800
801
802
803
804
805
806
807
808
809
810
811
812
813
814
815
816
817
818
819
820
821
822
823
824
825
826
827
828
829
830
831
832
833
834
835
836
837
838
839
840
841
842
843
844
845
846
847
848
849
850
851
852
853
854
855
856
857
858
859
860
861
862
863
864
865
866
867
868
869
870
871
872
873
874
875
876
877
878
879
880
881
882
883
884
885
886
887
888
889
890
891
892
893
894
895
896
897
898
899
900
901
902
903
904
905
906
907
908
909
910
911
912
913
914
915
916
917
918
919
920
921
922
923
924
925
926
927
928
929
930
931
932
933
934
935
936
937
938
939
940
941
942
943
944
945
946
947
948
949
950
951
952
953
954
955
956
957
958
959
960
961
962
963
964
965
966
967
968
969
970
971
972
973
974
975
976
977
978
979
980
981
982
983
984
985
986
987
988
989
0.4420599659048676 -7.305221884570996 0
-1.389877336180641 -7.199341361253671 0
2.784474325733036 -3.335948382223248 0
-0.276106036232722 -2.861008490223226 0
-3.044205247769042 -3.705593737877466 0
2.25472802569007 -7.054669541677454 0
-2.76384194276927 -6.831175856262425 0
0.8132076180507537 -2.778417877423998 0
3.828500924372898 -4.33431751483055 0
-4.130870648683115 -4.731817695533192 0
3.682370789983494 -6.478885542009261 0
-2.435661510997426 -3.081399964874197 0
-0.4125479137019708 -7.318665504070578 0
1.475412851254031 -7.264017295295635 0
-3.633196644125401 -6.504602669234268 0
4.483122950441736 -5.065659958194793 0
2.087846211458396 -2.675168988515373 0
-4.419530459379032 -6.012675624583306 0
-1.361642560846814 -2.618324378245995 0
4.399297464874456 -5.998651513733234 0
-4.833680026439965 -5.373078419765577 0
4.840653354905077 -5.677694392098307 0
1.31802469547606 -2.668226027812658 0
1.170729172802757 -3.140555592355845 0
0.6907425590431362 -3.249293539966223 0
1.026366763643638 -3.609914040435176 0
0.5651280522224406 -3.726200054213002 0
0.8853292355826498 -4.082157525299544 0
0.4051859211820427 -4.192828972920291 0
0.7385644112455172 -4.552502977644645 0
0.2578302205020164 -4.663148328094721 0
1.219429776843862 -4.444196793464291 0
0.593283108519134 -5.023364208440895 0
0.1129114924021622 -5.133953549783472 0
-0.2228828776583287 -4.773744480084317 0
-0.3669293486788374 -5.244305532402218 0
-0.7023312251121516 -4.884518204478659 0
-0.846213872336617 -5.354287395348454 0
-1.181007277419485 -4.995290833568416 0
-1.324651740756588 -5.464294145745574 0
-1.658960991765778 -5.105849225907893 0
-1.04143264284132 -4.529614490120182 0
0.4487782524764581 -5.494408970349982 0
0.9286209788130717 -5.383814522004985 0
-0.5112075618243711 -5.714315963332673 0
-1.802335767499362 -5.574322538310608 0
-2.136125135205003 -5.215815966361502 0
-1.993088650787164 -4.748266123854989 0
-2.469270253442963 -4.858228240230051 0
-2.612272210685997 -5.32531947577091 0
0.7843132360507481 -5.854653836230014 0
1.263825397712245 -5.744144197500997 0
1.511393203188242 -3.507046291489741 0
-1.468423961594465 -5.933229774353254 0
0.06837594560752282 -3.823850662344954 0
-2.945029306050557 -4.968022519592629 0
-3.088105437357149 -5.434474162210163 0
-2.326701328388268 -4.391246762494717 0
-1.946444651702435 -6.04320158478362 0
1.408119045686421 -5.27414868059518 0
1.743005563578895 -5.633934611097296 0
1.887042578047764 -5.164321660934151 0
2.220831716937667 -5.523705782920343 0
2.3651823174905 -5.055620690176617 0
2.697969787983851 -5.413653258349505 0
2.554855045402326 -5.881907250168168 0
1.598840696871409 -6.103890686934623 0
2.841559372198803 -4.946296923921875 0
3.17401927748232 -5.303890390576481 0
2.509460245747041 -4.588944439394492 0
-1.850331761380596 -4.280943369878734 0
0.3043452685285762 -5.965162729099397 0
-2.756210785687196 -5.792707127987992 0
0.6402320156471116 -6.325387187776714 0
0.1602916008964264 -6.435922634261328 0
-2.18424382345098 -3.924325624674992 0
-1.727871659937182 -3.831949087033424 0
2.971662646672873 -4.476330368203231 0
-1.612881859861869 -6.39911755635648 0
-1.134822314933065 -6.289094996069574 0
-3.41567267807238 -5.090281158735574 0
-3.5628047933286 -5.545596009694554 0
-3.310655999804074 -4.566187377115075 0
2.639109843504788 -4.136742958789188 0
2.175699458231747 -4.234000574806061 0
-2.076625550517599 -6.499081955893477 0
2.303083203477294 -3.789176429697936 0
-0.870897618706566 -2.777083606200284 0
-0.6247883861372946 -3.289800766960214 0
-1.251301858261433 -3.101366152680214 0
-1.055976391788218 -3.571280819844198 0
-0.6440392457119202 -3.728887400383149 0
-1.709581077621263 -2.89388701522925 0
3.055857293205759 -4.04751657156367 0
-2.091443878107232 -3.482195748366074 0
-2.540403840727685 -3.588070135134898 0
0.284798605891722 -2.921960432770026 0
-0.05949023654601209 -3.307083097512141 0
-3.964736634558682 -5.19578844280499 0
-4.027741550585463 -5.706867224955871 0
0.4962799493728515 -6.796107756955402 0
0.9759437473171505 -6.685423341621409 0
-0.007058591624155517 -6.940081509215208 0
-0.3281198316480773 -6.532916682699101 0
1.841200555723126 -3.875066315444538 0
1.976761905160507 -3.425158543026067 0
1.690024207218838 -2.990049207397549 0
1.364383712315803 -3.976488994033825 0
1.69932535291367 -4.33939702993611 0
3.291904861993829 -4.843096221548574 0
3.632596887196904 -5.208917853664445 0
3.506499427914183 -5.660547457155301 0
3.978425293546854 -5.586202542740361 0
3.838913177380669 -6.017822638044758 0
-2.801765966119345 -4.501138202155596 0
-1.745323291743177 -6.842977161765791 0
1.073526005912865 -4.914096766487773 0
-2.659329344369129 -4.034349197166945 0
-0.5579354875781941 -4.4412692849512 0
-0.07218403540612121 -4.329173400329798 0
-0.03146850005257002 -5.604580571549794 0
-0.1769006775340644 -6.072723177504683 0
1.119740147751867 -6.214581943055686 0
1.447946003654482 -6.542928629460655 0
1.925452232707579 -6.426016683820655 0
-1.516315289989694 -4.638281485498913 0
2.075880340084076 -5.986739987134067 0
2.403837189593918 -6.315330951248054 0
2.883887475381329 -6.245048133626418 0
2.701652808170892 -6.758489509245897 0
-2.407766552072318 -6.137192138803464 0
2.438669901698597 -3.007578283314278 0
-3.447353195536108 -4.055775823539652 0
4.157744934876558 -4.705115763226891 0
-3.789372768296528 -4.389636135478271 0
3.028999052330581 -5.766821494952352 0
-4.479312114883125 -5.055959832979849 0
-0.9900940820915793 -5.823110459822555 0
-2.276859183808718 -5.681426472003016 0
-2.881894739458183 -6.297276131330666 0
1.553138714369185 -4.806553416776645 0
-2.254879454181257 -6.965253803506896 0
-1.400365808932233 -4.194585803511423 0
-0.6567878565582788 -6.181066397136689 0
-0.8072954184609964 -6.626640352294704 0
2.031641444466651 -4.698139635337346 0
-3.213020534102926 -5.892608841988705 0
-3.626433945444799 -6.039259364045646 0
1.786189576421499 -6.867401335880348 0
-1.280996156797795 -6.717523247957245 0
-1.794838602776222 -2.41845083366451 0
-3.208258911416164 -6.675096268469107 0
0.9487025480615904 -7.186271434309623 0
-0.8726360549968066 -7.292903714320758 0
-0.9185324771301562 -4.058222865358137 0
3.223710665613108 -6.617698003665621 0
3.36073009810056 -6.131137211575618 0
0.007637794440224404 -7.380398080478345 0
-4.036021340282872 -6.294797774384361 0
4.425351225626478 -5.45236479897184 0
1.738298291742564 -2.445107942854154 0
-1.60766378368008 -3.398083969742012 0
4.068401901479969 -5.139028204154632 0
-2.146798457222544 -2.700939383129031 0
3.401226857976548 -4.410526738349754 0
-3.051459534098819 -4.169820219427043 0
-4.804304081286371 -5.793777549351278 0
3.730062727982784 -4.773500382629141 0
-3.722261745882955 -4.794742161933421 0
-2.8285409402392 -3.301951013801388 0
-4.413683529858139 -5.494769105057066 0
3.15216219150333 -3.650751543349801 0
3.490398656100318 -3.988793789599999 0
4.079717500146024 -6.349555563519877 0
-0.5313117335973849 -6.926193053115938 0
-2.477001647799725 -6.545995977159386 0
2.725092119268546 -3.738370772295776 0
0.324595413118949 -3.394628506046671 0
-1.868320403332379 -7.227893748417246 0
2.381456248900817 -3.390138180485523 0
-3.312560954909495 -6.281768655013678 0
-0.3908508783973128 -4.023852228115896 0
2.074789643028534 -3.05839872571691 0
-5.127228066521995 -5.611877650564527 0
-2.043194217939736 -3.101487921199509 0
-0.3038289817516516 -3.632347246818439 0
1.886482534772543 -7.245813982304314 0
-1.348495018840576 -3.810047933215611 0
4.790389999554598 -5.265584660854226 0
-0.9957767196070211 -6.947968060003252 0
1.311272004837966 -6.899087613155405 0
2.224268298209284 -6.661575092060892 0
2 8 0 205
990
991
992
993
994
995
996
997
998
999
1000
1001
1002
1003
1004
1005
1006
1007
1008
1009
1010
1011
1012
1013
1014
1015
1016
1017
1018
1019
1020
1021
1022
1023
1024
1025
1026
1027
1028
1029
1030
1031
1032
1033
1034
1035
1036
1037
1038
1039
1040
1041
1042
1043
1044
1045
1046
1047
1048
1049
1050
1051
1052
1053
1054
1055
1056
1057
1058
1059
1060
1061
1062
1063
1064
1065
1066
1067
1068
1069
1070
1071
1072
1073
1074
1075
1076
1077
1078
1079
1080
1081
1082
1083
1084
1085
1086
1087
1088
1089
1090
1091
1092
1093
1094
1095
1096
1097
1098
1099
1100
1101
1102
1103
1104
1105
1106
1107
1108
1109
1110
1111
1112
1113
1114
1115
1116
1117
1118
1119
1120
1121
1122
1123
1124
1125
1126
1127
1128
1129
1130
1131
1132
1133
1134
1135
1136
1137
1138
1139
1140
1141
1142
1143
1144
1145
1146
1147
1148
1149
1150
1151
1152
1153
1154
1155
1156
1157
1158
1159
1160
1161
1162
1163
1164
1165
1166
1167
1168
1169
1170
1171
1172
1173
1174
1175
1176
1177
1178
1179
1180
1181
1182
1183
1184
1185
1186
1187
1188
1189
1190
1191
1192
1193
1194
7.564451987757406 -1.589492139596407 0
7.563014527125666 1.618584218700202 0
3.28601303681061 0.01846574236964878 0
3.706635985110847 3.105270308457605 0
3.714782620920644 -3.098925695826473 0
6.939528488601926 3.343404506985066 0
6.947440383877422 -3.33089708898892 0
7.821487122835597 0.257374059632948 0
2.991265148354071 -1.104262417447843 0
3.015034714406175 1.0920290384697 0
4.630641562633987 4.127007634636684 0
4.641920006423149 -4.118294184785922 0
6.461531489863281 4.136842738996347 0
6.347832131221994 -4.127400944328505 0
7.295603383812227 2.486082609999218 0
7.301142028178531 -2.471947864549948 0
7.725300521956566 -0.6834193568312562 0
3.036093088291005 -2.532057340997039 0
3.030181699422934 2.537700290696722 0
5.377161277352441 4.870370191565052 0
5.38950821399406 -4.860001647823837 0
3.352870459569862 -0.4925250200053938 0
3.729447553949595 -0.2397063131907146 0
3.709447978206903 0.2666354110723399 0
4.145001898416377 0.00733383531906734 0
4.142991643498052 0.4972119849994521 0
4.146534055014554 -0.4857566084652293 0
4.569779831106614 -0.2394588752921995 0
4.570802870676462 -0.7295611224279346 0
4.993990968662887 -0.4839348945595839 0
4.994703601005 -0.9734853273347506 0
5.417808755909234 -0.7285103097080319 0
5.41706494306535 -0.238956421435056 0
5.418601419179886 -1.21744456844346 0
4.995715758143094 -1.462519110443033 0
5.419114340546818 -1.706022206841434 0
5.841278234690009 -0.9724911165981347 0
4.996667054136857 -1.950831104052193 0
5.419510018444721 -2.194181922868786 0
4.573608499597694 -1.707824857393065 0
5.841940832783419 -1.949637645390369 0
4.997618071038723 -2.438702136592056 0
5.420034019118368 -2.681804346267397 0
4.998376511576677 -2.925807722464128 0
5.420536896514286 -3.169002522952891 0
5.842462381670292 -2.924986060154275 0
4.148041725051424 -0.9752452468156986 0
4.576329393636807 -2.683327920602302 0
4.577536766418657 -3.169724011030606 0
5.842326787045843 -3.411294387941834 0
5.426978823105991 -3.645179423954411 0
3.721416876384739 0.7380863102300828 0
4.144615698298154 0.9833350630377971 0
4.567757160495031 0.7394060062832833 0
4.567625163602245 1.227410327596304 0
4.990685833670504 0.9837963864130262 0
4.99020765064408 1.472174918239317 0
5.413327618485637 1.228411622691832 0
5.412557483459593 1.716676057779916 0
4.989732629424273 1.960312064453684 0
5.411791654228684 2.204730587529697 0
5.835979145474356 1.473033561469266 0
4.98892479287618 2.44776206183965 0
5.410699724990659 2.692434392912109 0
5.836679202824142 0.9844555060987358 0
4.144911042101021 1.471317939579462 0
5.833823555867627 2.449227817978532 0
6.259705362153425 1.229203878345583 0
6.260319908476126 0.7403039593411802 0
5.832862968600717 2.937099483010632 0
4.988032142923503 2.935120224457906 0
6.68364922518356 0.9853459714324796 0
6.68427516764592 0.4960762833143167 0
6.681509667380345 1.474307354904286 0
4.567275396716741 2.20373152707503 0
6.260940646453943 0.2512803742083557 0
6.684847054923173 0.006739177004153992 0
6.254605255001137 2.69126885229614 0
7.101055172311186 0.7528881890903885 0
4.991477269324888 0.4952763103843662 0
6.256976639952727 2.205446789391446 0
6.262147100510512 -0.2381702848832588 0
6.685764861994214 -0.4826281395342923 0
7.080553472115501 -0.229946242006115 0
2.552261062282508 1.977923177824651 0
2.556981613151614 -1.973312254654341 0
6.23120448710331 3.174337380596549 0
5.831714216894632 3.425368406948464 0
7.186810674647829 -0.7318849817434122 0
6.699305765069026 -0.9727978573798514 0
6.241002779715261 -3.161905954795157 0
6.259303815932349 -2.677031982248169 0
5.85725592222693 -3.893888116976999 0
5.421498848693501 -4.143719847219261 0
5.872037308107408 -4.336344944950288 0
6.766320947631929 2.47653825804409 0
7.119016399870565 -1.234127051379597 0
6.689307835721531 -1.463891450675459 0
3.228339707195041 0.5850486238247705 0
4.567326670432577 1.715620628184486 0
4.145013515753466 1.958982563528846 0
3.725370084770351 1.71938636435439 0
4.155424807164953 2.446265553244225 0
3.750917148720513 2.19413755375821 0
3.32552039343378 1.896404809769134 0
4.568910120682903 2.690705264100917 0
4.566820833580902 3.177234667028387 0
4.992696639620598 3.410750547918625 0
4.606571417695577 3.645683963718101 0
4.114040929142325 3.466267641997169 0
5.410359060737825 3.17792463504091 0
5.414616891338341 3.653824640945114 0
5.799683865434096 3.908928548695945 0
5.403690969339343 4.153879812428154 0
5.823819468075361 4.399786184139835 0
5.006206162801128 -3.400022478480645 0
4.618450518003234 -3.637483578100067 0
4.123397403606007 -3.458969663785477 0
4.575082445184632 -2.195735572075161 0
4.152161994331346 -1.953072618842929 0
4.149950638476735 -1.464396028540752 0
3.730919319603155 -1.713868771701447 0
3.756073422448982 -2.188375844659095 0
3.330618744715117 -1.890761702744681 0
4.167814315565571 -2.438122073892171 0
3.73774828015988 -0.7313905265799803 0
3.748621819414201 -1.225498145599446 0
4.572137182158402 -1.218838615492539 0
4.158401756438992 -2.921506847877146 0
3.742395336028431 1.232098821192494 0
5.837342691317236 0.4960673754207065 0
7.080952177669078 0.2629191581070852 0
4.568397708173375 0.2510263410845726 0
4.992499294522093 0.006066369105461615 0
7.198532005691677 1.260628032131476 0
7.567455882070956 0.9440795175751044 0
3.33957005450654 2.809787997085736 0
5.841688400562083 -1.461203329423903 0
5.83495394316745 1.961100421272477 0
5.413760281581722 0.740291254638314 0
3.346266099683397 -2.803548587029267 0
5.841295277989472 -2.436750090224646 0
6.258373670597847 1.717579544941407 0
6.680585642841489 1.962605659758341 0
5.415035923596554 0.2510620486501293 0
5.838811894699366 0.006093119890712457 0
6.264596774966268 -1.705512181874333 0
6.264520599987685 -2.192858584418883 0
6.77270559069454 -2.462732154613389 0
5.840082948214058 -0.4832045100069814 0
4.149259946819026 2.928920206033969 0
6.265393999090833 -0.7276091745549238 0
6.266928501683291 -1.2172508517511 0
6.686337896675714 -1.949118942410359 0
5.079346099752827 -4.425043083864215 0
7.099464957258084 1.720675600310122 0
5.065812953501731 4.434102991111462 0
7.103428000236713 -1.705380898318104 0
6.260428898103854 -3.628876919741938 0
6.2361941871475 3.707570510726852 0
6.647666688058654 3.003343955409329 0
6.654748749108028 -2.990678675041643 0
7.56906729372785 -1.124841936660302 0
3.33645424626721 -1.401166735950507 0
3.336642431500499 1.404147299975336 0
7.109232318246645 2.915658582276618 0
7.115932905869718 -2.901978242926988 0
7.477039129057252 2.061985610032516 0
7.481491885275269 -2.047566342437506 0
7.800129385266194 -0.2213606338805442 0
6.710304191623424 3.750180596388227 0
6.709669414791977 -3.730919744160522 0
5.855976388433972 -4.807946795740675 0
5.831422916239093 4.811726307824319 0
3.757265660175003 -2.639526713803497 0
3.749374912982211 2.646278328240657 0
2.852135108375775 -1.591623783866654 0
2.852432493979618 1.593796750145829 0
5.03339674917527 -3.877801913970278 0
5.019909045388916 3.886443376544648 0
7.481360185144652 0.5088003464583923 0
7.062289470317619 2.139899960457692 0
7.068139935113233 -2.125756053752203 0
6.202252215138518 4.524643921663731 0
6.224406391116796 -4.529963621577442 0
3.403336214744839 0.9835503210917677 0
3.405431340849428 -0.9762557759997188 0
7.452640697545068 0.02742848370071129 0
7.832405760701073 0.6385394671412116 0
7.449736919429991 -0.3808020432822306 0
3.365212046424628 -2.353621404939218 0
3.359172975852585 2.359599032558743 0
5.638729810058289 -5.148436579209657 0
5.630146666743244 5.150984470854948 0
4.303350500529189 -3.883002072002557 0
4.298072051689333 3.888985252934199 0
6.560966092744256 -3.376912493904818 0
6.549340022886489 3.406840628191567 0
2.949287427706359 -2.148492697852555 0
2.944756475873745 2.153249556078814 0
7.729592532778116 1.286058431384014 0
3.076624772734532 -0.7069643579564178 0
6.085658589205098 4.149855169277384 0
5.512722093610409 -4.48880938182359 0
5.492417599110618 4.500651620445207 0
2 9 0 690
1195
1196
1197
1198
1199
1200
1201
1202
1203
1204
1205
1206
1207
1208
1209
1210
1211
1212
1213
1214
1215
1216
1217
1218
1219
1220
1221
1222
1223
1224
1225
1226
1227
1228
1229
1230
1231
1232
1233
1234
1235
1236
1237
1238
1239
1240
1241
1242
1243
1244
1245
1246
1247
1248
1249
1250
1251
1252
1253
1254
1255
1256
1257
1258
1259
1260
1261
1262
1263
1264
1265
1266
1267
1268
1269
1270
1271
1272
1273
1274
1275
1276
1277
1278
1279
1280
1281
1282
1283
1284
1285
1286
1287
1288
1289
1290
1291
1292
1293
1294
1295
1296
1297
1298
1299
1300
1301
1302
1303
1304
1305
1306
1307
1308
1309
1310
1311
1312
1313
1314
1315
1316
1317
1318
1319
1320
1321
1322
1323
1324
1325
1326
1327
1328
1329
1330
1331
1332
1333
1334
1335
1336
1337
1338
1339
1340
1341
1342
1343
1344
1345
1346
1347
1348
1349
1350
1351
1352
1353
1354
1355
1356
1357
1358
1359
1360
1361
1362
1363
1364
1365
1366
1367
1368
1369
1370
1371
1372
1373
1374
1375
1376
1377
1378
1379
1380
1381
1382
1383
1384
1385
1386
1387
1388
1389
1390
1391
1392
1393
1394
1395
1396
1397
1398
1399
1400
1401
1402
1403
1404
1405
1406
1407
1408
1409
1410
1411
1412
1413
1414
1415
1416
1417
1418
1419
1420
1421
1422
1423
1424
1425
1426
1427
1428
1429
1430
1431
1432
1433
1434
1435
1436
1437
1438
1439
1440
1441
1442
1443
1444
1445
1446
1447
1448
1449
1450
1451
1452
1453
1454
1455
1456
1457
1458
1459
1460
1461
1462
1463
1464
1465
1466
1467
1468
1469
1470
1471
1472
1473
1474
1475
1476
1477
1478
1479
1480
1481
1482
1483
1484
1485
1486
1487
1488
1489
1490
1491
1492
1493
1494
1495
1496
1497
1498
1499
1500
1501
1502
1503
1504
1505
1506
1507
1508
1509
1510
1511
1512
1513
1514
1515
1516
1517
1518
1519
1520
1521
1522
1523
1524
1525
1526
1527
1528
1529
1530
1531
1532
1533
1534
1535
1536
1537
1538
1539
1540
1541
1542
1543
1544
1545
1546
1547
1548
1549
1550
1551
1552
1553
1554
1555
1556
1557
1558
1559
1560
1561
1562
1563
1564
1565
1566
1567
1568
1569
1570
1571
1572
1573
1574
1575
1576
1577
1578
1579
1580
1581
1582
1583
1584
1585
1586
1587
1588
1589
1590
1591
1592
1593
1594
1595
1596
1597
1598
1599
1600
1601
1602
1603
1604
1605
1606
1607
1608
1609
1610
1611
1612
1613
1614
1615
1616
1617
1618
1619
1620
1621
1622
1623
1624
1625
1626
1627
1628
1629
1630
1631
1632
1633
1634
1635
1636
1637
1638
1639
1640
1641
1642
1643
1644
1645
1646
1647
1648
1649
1650
1651
1652
1653
1654
1655
1656
1657
1658
1659
1660
1661
1662
1663
1664
1665
1666
1667
1668
1669
1670
1671
1672
1673
1674
1675
1676
1677
1678
1679
1680
1681
1682
1683
1684
1685
1686
1687
1688
1689
1690
1691
1692
1693
1694
1695
1696
1697
1698
1699
1700
1701
1702
1703
1704
1705
1706
1707
1708
1709
1710
1711
1712
1713
1714
1715
1716
1717
1718
1719
1720
1721
1722
1723
1724
1725
1726
1727
1728
1729
1730
1731
1732
1733
1734
1735
1736
1737
1738
1739
1740
1741
1742
1743
1744
1745
1746
1747
1748
1749
1750
1751
1752
1753
1754
1755
1756
1757
1758
1759
1760
1761
1762
1763
1764
1765
1766
1767
1768
1769
1770
1771
1772
1773
1774
1775
1776
1777
1778
1779
1780
1781
1782
1783
1784
1785
1786
1787
1788
1789
1790
1791
1792
1793
1794
1795
1796
1797
1798
1799
1800
1801
1802
1803
1804
1805
1806
1807
1808
1809
1810
1811
1812
1813
1814
1815
1816
1817
1818
1819
1820
1821
1822
1823
1824
1825
1826
1827
1828
1829
1830
1831
1832
1833
1834
1835
1836
1837
1838
1839
1840
1841
1842
1843
1844
1845
1846
1847
1848
1849
1850
1851
1852
1853
1854
1855
1856
1857
1858
1859
1860
1861
1862
1863
1864
1865
1866
1867
1868
1869
1870
1871
1872
1873
1874
1875
1876
1877
1878
1879
1880
1881
1882
1883
1884
16.374467649181 42.50848017156632 0
-15.78323345772915 -41.53343944560041 0
14.85546672847816 -42.64071540657997 0
-15.20027428156092 41.3757427778482 0
41.23683531198802 14.53623741622212 0
-41.62093610760597 -15.23627435518381 0
42.00645577738812 -16.45364592829709 0
-41.83091749922204 16.28742629520323 0
-35.71549736735009 -41.33613565798893 0
34.43365185255505 -41.37640955707368 0
41.06053710928752 35.22536053740842 0
-34.73267252622577 41.12268021556197 0
41.65939254336034 24.97809880687295 0
34.43788652699196 20.10445560614861 0
33.67868395463211 12.59864575855717 0
28.51607375254031 16.10934982526711 0
28.10595421393596 10.39909865985635 0
8.512002225735927 1.296084796858538 0
8.09541531179417 2.795304611240712 0
23.80984503449074 13.04441808225887 0
6.829232873550541 4.992466090271494 0
23.46697270877616 8.559125981608888 0
20.09807906588465 10.74537063015396 0
19.41322318927193 6.796569913234969 0
22.80078720317449 4.637687393474135 0
8.510140379937802 -1.256667465125923 0
19.56817021789712 3.378070985789894 0
8.613544445081127 0.2677772360332358 0
7.676909291022231 3.737280507745241 0
22.23024077498676 1.083742169627288 0
18.82758721342594 0.1241461215376141 0
21.70365021131749 -2.314259105379937 0
18.55502919410509 -3.547427736988628 0
7.459751806618208 -4.177229514953356 0
8.095287067281218 -2.777106720699777 0
21.27170907945005 -5.81469033878943 0
17.51819080360132 -7.021262231533176 0
20.79200972068734 -9.447497166141236 0
17.31052250779158 -10.85793461516951 0
5.807842628857636 -6.121250043227001 0
6.092296825135612 5.772358045098147 0
19.89192743188243 14.95057965163015 0
16.38958019812148 12.53294197715567 0
6.79590550493858 -4.933891465191045 0
20.43495391724719 -13.37961972293079 0
16.03481010098709 -14.501585380587 0
4.92388238415207 -6.755251971137383 0
16.3069284105925 16.51916393545973 0
13.09826728253075 14.68329783426996 0
3.522850737243218 7.480654359051682 0
4.908894584994639 6.788165200476816 0
13.02236147756784 18.21638239138181 0
9.593916824425969 16.23620801928946 0
9.835999534738063 19.85226300644165 0
6.734147999578878 18.1837301109885 0
0.5129346995897178 8.180293373242961 0
2.03898179368486 8.031934683251944 0
6.635378344747934 21.59627398369667 0
3.305124235490501 19.15663264669532 0
-0.5261977068322294 8.184085841571068 0
19.95902243725829 -17.64471610144515 0
3.135698111995787 23.27320032181007 0
-0.1744688015810771 21.37353918583142 0
-2.553996822542676 7.804715325746569 0
31.94970510501101 6.044817477615177 0
17.10486320923047 4.776518479658346 0
24.8176489515944 -4.354261736779605 0
15.68919394113187 -19.16130112621088 0
12.23321442330413 -16.55827733769847 0
3.068219954863289 -7.679103586510047 0
4.023272518944344 -7.27294876161274 0
11.61636916688072 -20.65648891522374 0
8.624476145659974 -18.02271647041206 0
1.040805168462136 -8.139780955046302 0
7.721857635464405 -21.91945762799897 0
4.599881856183474 -19.26980710293361 0
2.074285155470049 -7.975582062845739 0
0.004057762897926346 -8.197291406583142 0
3.79595213127762 -23.36766527056464 0
0.5754071603617732 -20.92468304734171 0
-2.543787942586339 -7.830234318868695 0
-1.556727394737 -7.992163832194129 0
16.46626516017956 21.0282056052087 0
-0.09253359913756923 17.64519423515967 0
-3.214552200230115 19.16401649572003 0
10.00658456906197 12.86211920290008 0
-3.751163603463158 23.15065577889485 0
-6.802726505957319 20.53078036930094 0
-5.537645703752839 6.555651374887302 0
-4.384934403584483 6.97825226061524 0
-2.407116608210116 15.50226696599362 0
-0.2255386437746756 -24.86018380056854 0
-3.554035950069872 -22.05935312476148 0
-2.302852005582947 -18.04846881491248 0
-6.446794261688373 -19.34316752955585 0
-5.332488044268219 -6.543326074336653 0
-4.418606670301016 -6.970112762677272 0
14.61524912759651 -8.779283557280511 0
9.065461457665663 -14.31396822108673 0
15.9076868140744 -1.483601034615098 0
-5.097752408441743 -15.30988570494816 0
-9.263401206909492 -16.58032460163137 0
-6.813911037425422 -5.032221240987021 0
-10.34572244586232 -20.47281839390885 0
-13.37992412255867 -17.56047067757314 0
-12.48345270278697 -14.11096652257206 0
-7.911572581862619 -3.279662953967791 0
-16.28837661771752 -14.61803434970506 0
-14.70608012818277 -10.80166020698491 0
-17.70220957674164 -18.63572701182634 0
-18.9756304661655 -11.60841155346231 0
-17.7538615136625 -7.964011493426861 0
-8.639597881560416 -0.2926385850691352 0
-8.50716202321029 -1.280471798982677 0
-21.75716011805329 -8.562673623810078 0
-20.0017589970524 -4.538716219203843 0
-7.593903751262741 3.741292001386203 0
-8.292455897033751 2.301979748634515 0
-6.893239789058943 5.002451955691703 0
-8.501279349037278 1.280627001282736 0
-24.69489617243536 -5.551762139597742 0
-23.36530336265343 -1.425471523470099 0
-19.35515788875394 -0.3600590346432369 0
-22.01442070279442 2.462702340194481 0
-18.00715157716837 3.17038081175232 0
-20.72540144692219 6.097939346677377 0
-16.84571988699265 6.902013451690273 0
-19.90065335840355 10.03557993410731 0
19.51518490136263 -22.41842482971144 0
-26.3335271275787 1.90892292325113 0
-0.03061781458035951 14.54675878460513 0
-16.00220857508925 0.271950307897956 0
-22.38534035567209 -12.2829342259362 0
-2.650988069478787 12.83397195463724 0
-4.722470227449909 13.99680056043356 0
-15.23903024143633 10.94186700255079 0
-18.40099589795184 14.61520616916039 0
-1.936736821767143 -14.77751384184786 0
24.31120489493924 -11.74065838026839 0
24.49015909158715 -20.50337453909068 0
9.97891349545811 24.82455114806175 0
-4.982940628173242 -12.92503349906672 0
-14.12362973184644 -7.138944981905499 0
-7.786002274078655 24.91452725901136 0
-3.937508097209437 27.96925769326584 0
3.453297372378224 -27.88488178546024 0
10.27287842495762 -25.19443028850904 0
27.86776955324345 23.27151534830206 0
-0.2511042851022703 12.17730298890713 0
-4.069363288326741 11.82762545643813 0
-4.646585878761639 -27.0697502638489 0
-23.5003224929653 13.40896483104047 0
-21.76402709582196 18.77177864929982 0
-6.339499628184082 12.27439693005291 0
-13.87319933224862 7.78643242080895 0
-2.221118486198506 -11.53569012949992 0
-6.523421366788265 9.872725621706689 0
23.91548272579562 -26.21683164731921 0
29.83489519271642 -23.84568000797157 0
-8.426640291488843 11.00045194974876 0
-9.477404809435349 13.85466740865875 0
-8.027577583290512 8.812391577119403 0
-28.29484688620879 16.71732496830993 0
-26.33975969066437 22.94616307904241 0
-19.99233741027356 24.22060917926291 0
-23.71639770424679 29.48481576506203 0
-29.17196668124173 11.09446460241151 0
-4.177543488129344 9.398948780624865 0
-3.460617324043343 7.426902954050452 0
-8.740926257472573 29.96997707812738 0
-4.362733938496296 33.73754694956923 0
-30.53600936839052 27.79497641845446 0
-16.6283354117323 -2.541707647826917 0
-14.02980290898107 -1.462285054880528 0
-13.41395962073305 0.5803124022269568 0
-11.84052615343591 -0.7525617086733604 0
-11.55092391661562 1.053103728747392 0
-12.65871693581826 2.361949091122642 0
-12.32006991347696 -2.693452059452673 0
-10.76146397948715 2.67555571065447 0
-10.58934492244968 -2.0588142857486 0
-10.96169082321974 -3.698458884856899 0
-8.270621184505931 -2.307566199586887 0
-10.26066296165494 -0.6159915456764251 0
26.42415760831729 1.576817129759754 0
-0.02145907524055701 -16.25138545403235 0
-11.861983445316 3.989728827000509 0
-10.18672016964102 4.201740620485292 0
12.16569372922413 -12.91972396818404 0
9.65614935369409 -11.37635706007853 0
7.423870973092293 -12.08808183053066 0
7.845492435136217 -9.847349667955479 0
5.969058256964546 -10.50366879447852 0
5.452900236681399 -12.4533312160186 0
4.254833511147172 -11.08641676904269 0
9.726915789208082 -9.076968936372591 0
8.311358879801537 -7.940721912887062 0
9.797065024008592 -7.209054686370461 0
4.552766745734591 -9.604927028852593 0
2.990328498848341 -9.892040793125245 0
2.616881890566874 -11.36036506590224 0
1.569197027675411 -10.29995871249169 0
1.088043486565346 -11.56305898439424 0
0.2590771871947753 -10.38582372905072 0
8.466368516529025 -6.493009253476355 0
9.677657251749492 -5.58474442631231 0
11.18425587773398 -6.43544422036164 0
11.13253611970329 -4.835911462724517 0
9.87074651676325 -4.083158182703287 0
11.13282679739604 -3.317596888865646 0
12.52842077274691 -3.938685876350541 0
12.3160376576049 -2.336736770844773 0
10.83539000349623 -1.894208166923185 0
12.00010820684132 -0.8704590398997827 0
10.62759092493888 -0.2859779461530551 0
11.72436245834437 0.5199285307458644 0
10.75814034656527 0.7964446381438059 0
11.27912727163256 1.790404930269341 0
12.8030327832359 1.361110376426268 0
12.49157579489994 2.790297141926493 0
11.09167025215242 3.170912436322294 0
12.13546667101016 4.214876760167203 0
10.50063378742855 4.579179135804368 0
11.75634623403521 5.684212265999468 0
10.2174413376603 6.110391549944037 0
11.39915607048413 7.259568486339185 0
9.786066157951176 7.634430500876519 0
8.65851962614764 6.574277035527829 0
8.279130774212568 8.039625895525829 0
14.00921438123941 2.343185807275375 0
9.836044705116647 3.464088801408464 0
13.40823425359754 6.752509456395004 0
12.69022317072818 9.124224284095199 0
14.93185997195156 8.398703603954393 0
9.295864814057998 9.202636448788027 0
7.678830595010397 9.396495065062103 0
6.849914034122308 8.156916777199969 0
6.177640982724813 9.477546321925145 0
6.970562242404641 10.79796072149754 0
5.150800397463371 10.67135460374373 0
6.224056567310191 12.39602832825921 0
4.355385084346951 12.43329498886134 0
3.373318660559978 10.895525836043 0
2.072378465613229 15.86702271024969 0
5.536980323692367 8.382697460355505 0
2.036841992139726 -12.98030106518063 0
7.371873218538701 -6.949164905519394 0
2.588128317746506 12.38034564563076 0
18.19089998459758 -28.40053964182647 0
23.39623279516175 -33.01995537428333 0
-9.50757665639583 -3.233476470196658 0
-9.783707818887439 -4.665730703836205 0
-7.417799882790058 -4.191057487541515 0
1.283053883865878 30.54834362666324 0
0.9913328608305156 37.10537381473007 0
1.835956759194446 10.85618683668485 0
2.548881529224992 9.532842701734301 0
1.201277616648904 9.591533011036132 0
-11.17188599421321 -5.288005603699483 0
-9.89208490675494 -6.150232151386726 0
-11.91432036332259 -8.956629069503473 0
-9.183823181864197 -11.76417455063093 0
-8.479612687264046 -5.445267283985377 0
-8.630862281552789 -6.920249017968828 0
3.919675515177126 9.577094788512087 0
29.1750972288155 -16.8362560518651 0
-6.480136438472 8.129600154153749 0
-7.449208127109902 6.993438550402441 0
-6.025818739363083 5.757698430268773 0
-9.215126231969821 7.326443914360235 0
-11.17274720169479 5.301602891522679 0
6.7405672370286 -8.178757139468777 0
6.028705499602179 -7.396730346788873 0
-13.78608128669383 3.996352886943241 0
15.71013504777451 -4.401856468627678 0
-7.431839154917929 -6.243052938816576 0
-7.408047857771017 -7.700226966720109 0
-6.115119937367806 -5.789686202808302 0
7.095975058289303 33.94773050755989 0
9.729115625382185 -1.143954934319117 0
9.651210904510691 -2.182161444406241 0
-10.0686602300787 1.311468896797445 0
-8.64595077927533 -8.26107495355649 0
-7.395918911448556 -9.238448996591918 0
-6.267351664397957 -8.291597418861695 0
9.172899304634168 5.253296686340997 0
8.09688087679633 5.506910077931349 0
7.520453624383755 6.448465167680229 0
-2.579703127233941 11.29331805710913 0
-11.47637177637636 21.93070181431271 0
-5.83570457977422 -9.668027916645327 0
-4.4129888354784 -9.208827374719542 0
-3.548938397857718 -7.486084524891081 0
5.915494263011998 7.497074409925503 0
3.609792894056826 -8.707346644341015 0
4.697429549911004 -8.353598947053257 0
5.403751587041681 14.21659054708742 0
2.590892981029522 -8.885792921632191 0
9.618741828398523 -0.07711178431580912 0
9.3952448801363 1.053013849942992 0
3.234002088797128 8.62752295851784 0
-8.383838294468191 5.837960233843231 0
-6.454857450675477 40.3562794757576 0
-9.506249755973553 2.509275299435298 0
10.13887102919442 2.449555094615777 0
-14.06517394921683 -4.191876050924166 0
9.166528543713305 2.823450521547513 0
8.894706429989101 3.67517219252069 0
-6.472537597559199 -6.95519090796857 0
-8.937158821508664 3.711266709865483 0
-13.85044501546179 15.24635500096939 0
-9.370896539450957 -2.185128231119919 0
-8.632946595556152 -4.249550763134219 0
11.99895147215799 -9.788148640541426 0
42.84428087989958 5.18539463909211 0
42.1855956417842 -2.954680049085173 0
0.8031856581835051 -9.323346930785782 0
-0.3357072902599885 -9.33810569696424 0
-1.018045736813276 -10.3277498896354 0
-1.485666381981217 -9.427018529145831 0
-15.90897744044925 30.26737064699184 0
0.1345670101334229 -13.52628099380193 0
16.13742751145432 1.280605125293598 0
7.438359766260557 -5.921128773665419 0
8.286737072214734 -5.253042492739132 0
-10.31270491166209 9.521560920978798 0
5.6636407932819 -8.998880286340079 0
6.166934884924037 -16.01910980211735 0
0.5394348610684393 10.78522991125748 0
0.05192463699548403 9.533286180508089 0
33.44774798862954 28.48829555652195 0
25.77380530695152 30.15004241555235 0
29.956264769526 37.01634347943804 0
21.08729267687658 24.09726504350101 0
18.81678159118864 30.70566503479081 0
13.57611537734506 -1.156527426327731 0
24.2128243687006 -41.79422202478585 0
-25.16761144422671 -41.51063487761698 0
-29.27791201581153 -33.53679158391074 0
-20.38742346540549 -34.11404498331028 0
-24.14878391912293 -26.49770069524819 0
-32.34486127933182 -25.68807197945748 0
-12.38819437618102 -34.0590896700382 0
-16.15731224002488 -27.59580348390358 0
-7.533770419237506 -39.9239173244062 0
2.52944820556647 -40.30992404111681 0
-28.24893215326544 -20.18469320318936 0
-37.81163527800734 -31.64226668007273 0
-24.8047867770123 42.18551159659903 0
14.28647348882198 0.5182232836981031 0
12.9438232820848 11.72429125105672 0
-0.6347002991540938 10.58379084537293 0
-0.9773681565734091 9.337785269325279 0
-1.549007264761836 8.039198545931354 0
7.610033132819222 13.95385068184477 0
42.45453389736382 -24.88139688146012 0
-42.32183114108991 24.32511631566284 0
-41.67181586984436 3.809123874061108 0
-41.64092407331857 -3.403524873512461 0
-34.84273689419709 -10.96088863534893 0
-36.38458093371994 0.77851937051966 0
23.43072086486125 18.33117605755442 0
8.336721126553494 40.44982004562455 0
-2.189394013748034 -10.29383094306256 0
-2.443570935312679 -9.31184013475732 0
-3.373953451616784 -10.24967808812515 0
-41.1137759797354 -23.53937011693358 0
-34.71499772920112 20.35055834436162 0
6.561103404636935 -6.248561631889556 0
1.850827475773686 8.882938907596486 0
8.394852457781845 4.510029849280828 0
7.583446296365872 4.77740124374673 0
-6.052411799036902 -32.49528545594733 0
41.39386636944027 -34.54766747156688 0
9.010965413013073 -0.7320793716544425 0
-6.229805166813501 7.104741060023044 0
-41.2412505396109 33.8207342623993 0
-5.542401468581375 16.90883293391473 0
-11.42514549927595 -6.94561217708832 0
-5.466590934608691 7.462808366928133 0
-5.52488334025609 -7.323483301491181 0
3.084088997902813 -16.18416891676759 0
4.313419302469581 8.390298844589134 0
-34.50731367879057 6.780160160016731 0
15.1913783903792 25.54145951426874 0
8.567925689231828 0.7840851851688737 0
8.428687317920197 1.812574910565373 0
9.089978247757671 1.577057818254695 0
-9.182316950765461 17.41576885678576 0
8.277850914466026 2.314896972757098 0
8.429472833418538 -1.810304237516124 0
9.027560613129189 -1.568902043729037 0
8.768374822319185 -2.418169001729805 0
5.728031362246215 6.141660448523899 0
6.35792314259944 6.359557321340494 0
6.749947885496536 5.891158476220962 0
7.907986072122126 3.277913675494939 0
7.396864998417332 4.198040006472118 0
9.277168397293327 -3.147502098062685 0
8.780918332690415 -3.875476139385355 0
3.990342293602732 7.267037573992384 0
3.033168598088466 7.658272656665849 0
8.605824113957942 -0.2827228988191297 0
7.707419289908113 -3.724376722851228 0
6.111465778683115 -5.761103068722259 0
3.537601167396756 -7.483647757961683 0
5.074265311048262 7.56853527450245 0
-3.046844917837892 7.674668979225065 0
-2.942536076152007 8.262290093242639 0
-2.182736929648435 8.413753469207078 0
-2.747127274687424 8.957278987297535 0
1.024518009614397 8.137935906934759 0
0.8141758747213015 8.715046097223999 0
-0.009013938180386519 8.201104681277622 0
-0.4776344009086843 -11.5924272025493 0
1.559169634578646 -8.086449437070126 0
1.325032545212848 -8.664793466122497 0
4.476516446308947 7.074052503224099 0
-3.044662001729396 -7.679166578372751 0
-3.400929380077853 -7.99401216181082 0
-4.104267440210808 -7.959627982376922 0
5.362754922161921 -6.454484849307725 0
-8.409786369036954 -1.805021463271609 0
-1.042299591922141 8.134924448866599 0
-8.652907573691765 0.2739116940609044 0
-9.288035801775807 -0.04765397752720989 0
-9.136987418443454 -0.8497194462381918 0
-9.150229192346062 0.79463169058304 0
-9.920792159363224 0.3278864004292203 0
1.530754432361906 8.113559785041776 0
-0.3280539110748147 8.744741561838399 0
14.00019129322634 -2.985772680619666 0
6.658396483600693 -5.46364849238971 0
7.925699086592958 -3.261444611212522 0
8.538895078768991 -3.204601941725988 0
8.70967198590049 10.8145956579871 0
10.76989710839381 10.43456372958921 0
6.631274425704932 28.66061475663927 0
12.08288396049266 30.14961951585836 0
0.5232350023771931 -8.183458611534764 0
-0.5096618780365896 -8.18112257496001 0
-7.685858543059945 -3.747601296281962 0
2.562422653368705 -7.833296294830577 0
5.317706687007146 6.469040829776231 0
4.466111924371342 -7.022427573811047 0
4.957822048519407 -7.271572724248607 0
4.023941231074104 -7.844314127594263 0
7.156420418752288 -4.605953273870132 0
-5.172502127442337 8.775296415077259 0
-4.166019363860888 8.522063494091499 0
8.201784176668047 -2.266366750469753 0
-1.021611550417181 -8.114812178240729 0
-10.29224553626401 -28.144873675804 0
-5.72798300231134 -6.141499867857275 0
2.538850740501237 7.828174089533666 0
2.474188185182275 8.461429333282833 0
-6.480309721378249 -5.428389033580832 0
-4.073169661918962 -7.291135940650979 0
-7.288527901188049 -13.29638570490971 0
-7.135720021947762 -4.626766071637897 0
-7.418879948552438 -5.257662278380384 0
-8.118713351750269 -2.804503127713931 0
-8.505176919212843 -3.248569689259747 0
-3.984959431989096 7.275803413961931 0
-4.529519772748695 7.62081013381232 0
2.976903726581685 -8.248083787527401 0
-2.035635667143521 -7.988963315065957 0
-2.518453913664443 -8.464826319898869 0
12.64604908634674 -5.598184962930356 0
-34.74579026654782 -18.30706811395528 0
-4.872495382261945 6.89261078735013 0
23.86695212493786 43.10628470548855 0
-8.435268315483393 1.79563840284161 0
-9.059753160606293 1.61753622620501 0
-8.068322180599871 2.708514615672611 0
-4.891775685378743 -6.865545583829578 0
-5.731432527924994 6.084946983405825 0
-6.489820253715109 5.414945007112236 0
-7.189108613368022 5.75502171331062 0
-7.622813235451692 4.922247613542509 0
-8.567925689231874 -0.7840851851688819 0
0.2521101648017994 -8.723947413686377 0
-8.519865387523586 0.7599808477012332 0
-12.01251255360419 12.1971956656087 0
-8.056874253149491 3.325449985655646 0
-7.409098169476927 4.182143004608868 0
-8.101156929530543 4.090449692766716 0
-27.98097439624123 -2.638709296689711 0
-16.17572146146457 19.56432074967789 0
7.675552907364464 -4.67693831216528 0
6.789258447745979 7.088095481537405 0
-16.5145519207021 -5.275051278657457 0
-29.44844245440667 -7.098734864057116 0
-14.76552285217585 -22.03025734663833 0
-19.31490130233574 -23.23186204179682 0
-8.851914661062358 4.715865091412678 0
16.9606787321595 9.313834201072735 0
-29.72302832531044 -13.74040661022051 0
-7.242242257808238 -11.03673489973896 0
13.6867716593441 3.89130186801453 0
15.5330449599209 3.419014344412401 0
5.019703304305452 9.29979840382512 0
-1.422562666135383 8.616487321898081 0
5.440778707937678 -7.877940962458324 0
-2.046832824218479 9.270687887873013 0
-7.119366495982639 4.585800324547892 0
5.950269867213789 -6.68462419652202 0
35.87661621637125 -20.87648085229241 0
35.5225263069839 -28.16832233125308 0
17.1413683107865 -35.46996666085124 0
9.496009869394907 -36.30880164256941 0
12.77016144021282 -30.38887968250096 0
7.391862821749533 -5.170774540840641 0
-8.73760975253866 2.75937239066442 0
14.42504538755146 -11.3693352323525 0
-10.93368983182029 35.58657887393669 0
-0.9028952752462064 -8.724045326940495 0
36.89989470329142 42.90715368901763 0
-3.225265301786574 10.01786468680767 0
29.17442937270321 -30.35054209894858 0
-24.82639397739553 8.733598466326367 0
3.385246050781904 14.10251869779259 0
6.454949507006483 5.405547638535067 0
7.292292125546535 5.469026889433245 0
3.945195762988305 7.734719890153141 0
1.962694867548876 -8.552229434594675 0
1.800513369699379 -9.306569908650006 0
-0.3883203145535887 25.62877025842726 0
11.05806428062545 -7.9564860770131 0
26.87980664324539 5.989971047526138 0
-21.08734334458349 35.9011069271894 0
-27.80843050970362 34.71353965899463 0
-3.651295631275734 7.932935824928675 0
-6.671535640054675 -5.982355055216515 0
9.087026101111929 -4.75927445306731 0
36.96803850630971 1.628388861721977 0
34.20286934348739 -5.214566118656543 0
30.96300322818416 -0.1625471993440976 0
-12.15208758980191 26.64564029161993 0
10.84109099695345 8.773493502157775 0
-12.38518723376909 -4.331019742331552 0
19.42060411941405 18.68570305337004 0
-20.52379705646934 -15.52746260080907 0
-22.47172941068682 -19.63165318567082 0
-9.68960276923989 -1.416625234570213 0
7.950889866000177 -29.57645885836615 0
4.366647331966316 -33.43985905323574 0
-7.497830893799382 -23.56407777367453 0
12.96048867520418 0.0706218489737741 0
-2.040364647490012 7.860129815910624 0
14.6757813098572 -24.37001074733042 0
12.89898361166455 21.89257233307253 0
8.484368145890311 -0.7444407176357942 0
-1.040215154497543 -30.28126007710105 0
8.847086376209996 2.215256232933584 0
24.59383934141813 -1.383794552848874 0
7.067703120740479 4.537412166163108 0
-25.73277227161314 -9.503039566518629 0
14.86629438054059 5.23488935911517 0
14.78323307100911 10.21879906346694 0
3.753590707446977 -12.80320798465206 0
8.23292710049124 3.730706691995187 0
8.43639032804999 3.219608078766484 0
23.67408751396947 -16.02092495912002 0
30.77522862007387 -10.19156351458069 0
35.36358310990462 -14.71607814385207 0
39.05911607013532 -9.721952410453774 0
-34.6186941807169 13.53422325368127 0
29.36168203654178 -6.031623836688372 0
1.586410919734023 -14.70027817599028 0
7.376184960687908 -43.85188821805324 0
1.257930402355306 12.00712044087584 0
1.503660189469052 13.51351154467686 0
-28.23606342797802 5.804330907726559 0
-14.90552130130973 2.341907945947729 0
-15.63471478939332 4.489512062019376 0
-14.62027284055372 5.949451166112626 0
-43.2698748440713 -37.73861469873257 0
25.22158055054777 -7.930049162207951 0
5.821643984836963 6.729038129132311 0
-4.714408089819899 -7.505066858647489 0
9.34098497785447 4.284892374299387 0
-4.637354096861523 -10.33027144446579 0
9.489514558676408 2.08239552957833 0
-1.709223016928892 -8.57480994803476 0
8.564654294846695 2.673703283449079 0
-11.32215511493088 7.318744210227228 0
13.14469943874248 5.200070852342127 0
6.554689680602816 -9.382163972060713 0
4.407812160884439 7.572230188478669 0
1.345073084045077 8.555898695830527 0
29.1653702239818 -36.25330870326392 0
-7.921443949018786 -4.114830439011572 0
-10.08773774671523 -7.843137036857678 0
-1.723259807406574 -36.76566060359663 0
14.92497178748753 35.600891620479 0
7.904181699499303 12.16491091849774 0
22.29731681086145 36.26579274792519 0
9.177462788913765 0.5195550735087092 0
12.664627710421 -7.511095544650151 0
-10.7812401993632 0.2315709259057839 0
7.882488115353798 4.183824540378917 0
-2.952885630476771 -8.172257066432667 0
-3.315292798119677 -8.765867018303041 0
13.91746965808762 -4.642879860374752 0
14.5043086710934 -6.37812197248261 0
-6.338203938802065 6.297340176160017 0
-1.546620244034433 -12.90078164760806 0
-8.761209858387163 -2.660234534213028 0
-5.84366341848799 -6.711789067916933 0
-1.781805344844074 10.3349362235747 0
-12.77273987023964 5.723718733769205 0
-7.834400514188207 -4.647522387281827 0
-8.746848310408506 -2.121123471493824 0
4.769030172472322 -14.31113038730667 0
42.67949192431124 -42.67949192431124 0
-42.67949192431124 42.67949192431124 0
-9.834771365299602 -13.62393913572874 0
3.49179925119373 8.011691711001701 0
-8.131399717742068 -3.728043028331058 0
0.2773967269799412 8.679432215353518 0
-7.052818616883235 14.89009333796914 0
4.585139566649468 16.2368774273643 0
5.379870637966327 6.986553925317684 0
-34.37717137575137 33.493556888986 0
9.968592357490593 1.482397227692585 0
-12.62189557525179 -5.667976863654815 0
-6.963295100465743 -5.588736109396265 0
-9.405002476866928 -9.791332930441264 0
-11.28613191102923 -11.48840676556714 0
9.005307717872887 -0.06091634904948722 0
-1.479329902631308 11.7704422065867 0
-8.976880571631675 -1.609681607612739 0
-11.56034442081734 -24.33291972816869 0
-5.619950391762372 -11.37025089627796 0
8.956062007243474 1.061524897120882 0
1.415313075196297 -18.21373777602602 0
-9.855416945627844 5.783726160308557 0
-3.484964522648662 8.848563644498814 0
0.4084144065099404 43.54597901236843 0
-0.2984193031686117 -8.632902483826854 0
-12.63547665327395 18.54145503039728 0
8.169917099065238 -4.308139159929785 0
17.35571295446152 2.933383548816965 0
-3.862389395397332 -11.60561193813319 0
6.903586458371234 6.473735133884254 0
5.444035571597841 -7.073434175077155 0
-12.57062753040486 9.797876524358006 0
3.443291794794532 -7.992499180786883 0
-33.60076523548985 -4.671855336103825 0
-3.2745929973354 -13.17575279351732 0
34.36490810044744 -34.5117976868816 0
-24.42716133653377 5.001498796835183 0
4.601559330126313 -7.60713384946304 0
-36.63825203080876 27.95698844597284 0
2.433439876799767 -8.298996900286115 0
-0.8592964065075956 8.603604888699886 0
43.59208636251579 43.62650284528521 0
37.44240671091995 8.46239575116361 0
29.05416814618947 3.362264613889243 0
-6.166167919156202 -6.31610422035352 0
-2.609257009200282 -44.14371766977271 0
6.505804879574883 -6.891161870466711 0
16.1141922894586 6.878837502238435 0
0.7888737078074963 -8.607065475435144 0
-25.07873265520175 -15.75383991454813 0
6.638975086015609 -25.58857876617981 0
6.655797339376986 15.86110718632195 0
10.16797847512865 -2.958455988975169 0
9.924295521073887 0.5813868431365379 0
3.151973574257089 26.80221963722658 0
6.619258003385534 -13.81362676701904 0
-31.17387079996638 1.326894788120091 0
-40.11399565014256 -9.408685929046557 0
3.026410497990509 -14.24234257216856 0
-5.132093425260951 -8.344595717273206 0
2.954401772752567 8.117418149800377 0
8.224569777405142 -3.674807715020975 0
-15.19973925045025 23.61871834194059 0
-44.29040889885181 -44.29952911775997 0
0.5654072622796606 9.147588523036774 0
-8.785827927992695 2.192434781414941 0
-9.724555351385089 3.303236323489337 0
-40.52574824571477 10.08218671659247 0
-15.78257122460349 35.78269980649153 0
-4.917932533442889 10.36114298178459 0
7.638451116261207 7.275530988825185 0
27.39247564111503 -2.311061805549277 0
-1.118404618701316 13.38723966052655 0
5.90664759043277 25.03137196948687 0
$EndNodes
$Elements
17 3768 1 3768
1 1 1 15
1 3 17 
2 17 18 
3 18 19 
4 19 20 
5 20 21 
6 21 22 
7 22 23 
8 23 24 
9 24 25 
10 25 26 
11 26 27 
12 27 28 
13 28 29 
14 29 30 
15 30 1 
1 5 1 17
16 5 42 
17 42 43 
18 43 44 
19 44 45 
20 45 46 
21 46 47 
22 47 48 
23 48 49 
24 49 50 
25 50 51 
26 51 52 
27 52 53 
28 53 54 
29 54 55 
30 55 56 
31 56 57 
32 57 3 
1 9 1 15
33 7 68 
34 68 69 
35 69 70 
36 70 71 
37 71 72 
38 72 73 
39 73 74 
40 74 75 
41 75 76 
42 76 77 
43 77 78 
44 78 79 
45 79 80 
46 80 81 
47 81 5 
1 13 1 17
48 1 91 
49 91 92 
50 92 93 
51 93 94 
52 94 95 
53 95 96 
54 96 97 
55 97 98 
56 98 99 
57 99 100 
58 100 101 
59 101 102 
60 102 103 
61 103 104 
62 104 105 
63 105 106 
64 106 7 
1 33 1 10
65 16 253 
66 253 254 
67 254 255 
68 255 256 
69 256 257 
70 257 258 
71 258 259 
72 259 260 
73 260 261 
74 261 13 
1 34 1 10
75 13 262 
76 262 263 
77 263 264 
78 264 265 
79 265 266 
80 266 267 
81 267 268 
82 268 269 
83 269 270 
84 270 14 
1 35 1 10
85 14 271 
86 271 272 
87 272 273 
88 273 274 
89 274 275 
90 275 276 
91 276 277 
92 277 278 
93 278 279 
94 279 15 
1 36 1 10
95 15 280 
96 280 281 
97 281 282 
98 282 283 
99 283 284 
100 284 285 
101 285 286 
102 286 287 
103 287 288 
104 288 16 
2 1 2 77
105 301 306 292 
106 303 313 290 
107 307 309 291 
108 299 306 304 
109 299 304 294 
110 301 308 306 
111 35 313 309 
112 290 313 308 
113 297 304 296 
114 35 309 307 
115 296 304 39 
116 33 305 295 
117 295 305 298 
118 34 312 305 
119 34 305 33 
120 35 307 34 
121 304 306 38 
122 39 304 38 
123 298 311 295 
124 36 313 35 
125 32 295 31 
126 41 296 40 
127 18 297 17 
128 296 310 297 
129 37 308 36 
130 38 306 37 
131 306 308 37 
132 20 299 19 
133 22 301 21 
134 24 303 23 
135 30 298 29 
136 297 310 17 
137 295 311 31 
138 41 310 296 
139 289 313 303 
140 292 306 299 
141 17 310 3 
142 1 311 30 
143 21 292 20 
144 27 291 26 
145 19 294 18 
146 29 293 28 
147 23 290 22 
148 25 289 24 
149 26 302 25 
150 28 300 27 
151 290 308 301 
152 30 311 298 
153 3 310 41 
154 31 311 1 
155 308 313 36 
156 294 297 18 
157 309 313 289 
158 29 298 293 
159 19 299 294 
160 292 299 20 
161 21 301 292 
162 290 301 22 
163 23 303 290 
164 289 303 24 
165 293 300 28 
166 27 300 291 
167 291 302 26 
168 25 302 289 
169 298 305 293 
170 294 304 297 
171 300 307 291 
172 302 309 289 
173 307 312 34 
174 293 312 300 
175 300 312 307 
176 305 312 293 
177 32 2 33 
178 39 4 40 
179 33 295 32 
180 40 296 39 
181 291 309 302 
2 2 2 92
182 6 338 65 
183 328 336 317 
184 58 341 4 
185 42 339 67 
186 41 340 57 
187 67 5 42 
188 41 57 3 
189 329 330 325 
190 335 336 328 
191 314 339 42 
192 57 340 315 
193 317 336 322 
194 60 330 329 
195 63 331 62 
196 62 337 61 
197 47 326 46 
198 67 339 66 
199 40 340 41 
200 51 323 50 
201 56 321 55 
202 64 335 63 
203 43 314 42 
204 57 315 56 
205 61 330 60 
206 66 338 6 
207 60 329 59 
208 59 334 58 
209 54 327 53 
210 332 339 314 
211 4 341 40 
212 62 342 337 
213 65 336 64 
214 66 339 338 
215 322 336 332 
216 40 341 340 
217 338 339 332 
218 44 322 43 
219 315 340 333 
220 315 321 56 
221 43 322 314 
222 48 320 47 
223 52 319 51 
224 55 318 54 
225 45 317 44 
226 50 316 49 
227 53 325 52 
228 64 336 335 
229 340 341 333 
230 46 328 45 
231 49 324 48 
232 335 343 63 
233 63 343 331 
234 55 321 318 
235 321 334 318 
236 320 326 47 
237 333 341 58 
238 319 323 51 
239 50 323 316 
240 59 344 334 
241 326 328 46 
242 53 327 325 
243 65 338 332 
244 318 327 54 
245 317 322 44 
246 322 332 314 
247 52 325 319 
248 48 324 320 
249 316 324 49 
250 318 344 327 
251 315 333 321 
252 330 337 323 
253 45 328 317 
254 333 334 321 
255 323 337 316 
256 324 331 320 
257 319 330 323 
258 326 335 328 
259 327 329 325 
260 331 342 62 
261 326 343 335 
262 334 344 318 
263 61 337 330 
264 332 336 65 
265 58 334 333 
266 329 344 59 
267 316 342 324 
268 324 342 331 
269 320 343 326 
270 327 344 329 
271 337 342 316 
272 331 343 320 
273 325 330 319 
2 3 2 77
274 357 362 348 
275 359 369 346 
276 363 365 347 
277 355 362 360 
278 355 360 350 
279 357 364 362 
280 84 369 365 
281 346 369 364 
282 353 360 352 
283 84 365 363 
284 352 360 88 
285 82 361 351 
286 351 361 354 
287 83 368 361 
288 83 361 82 
289 84 363 83 
290 360 362 87 
291 88 360 87 
292 354 367 351 
293 85 369 84 
294 66 351 67 
295 90 352 89 
296 69 353 68 
297 352 366 353 
298 86 364 85 
299 87 362 86 
300 362 364 86 
301 71 355 70 
302 73 357 72 
303 75 359 74 
304 81 354 80 
305 353 366 68 
306 351 367 67 
307 90 366 352 
308 345 369 359 
309 348 362 355 
310 68 366 7 
311 5 367 81 
312 72 348 71 
313 78 347 77 
314 70 350 69 
315 80 349 79 
316 74 346 73 
317 76 345 75 
318 77 358 76 
319 79 356 78 
320 346 364 357 
321 81 367 354 
322 7 366 90 
323 67 367 5 
324 364 369 85 
325 350 353 69 
326 365 369 345 
327 80 354 349 
328 70 355 350 
329 348 355 71 
330 72 357 348 
331 346 357 73 
332 74 359 346 
333 345 359 75 
334 349 356 79 
335 78 356 347 
336 347 358 77 
337 76 358 345 
338 354 361 349 
339 350 360 353 
340 356 363 347 
341 358 365 345 
342 363 368 83 
343 349 368 356 
344 356 368 363 
345 361 368 349 
346 66 6 82 
347 8 89 88 
348 82 351 66 
349 89 352 88 
350 347 365 358 
2 4 2 92
351 2 394 114 
352 384 392 373 
353 107 397 8 
354 91 395 31 
355 90 396 106 
356 1 91 31 
357 7 90 106 
358 385 386 381 
359 391 392 384 
360 370 395 91 
361 106 396 371 
362 373 392 378 
363 109 386 385 
364 112 387 111 
365 111 393 110 
366 96 382 95 
367 31 395 32 
368 89 396 90 
369 100 379 99 
370 105 377 104 
371 113 391 112 
372 92 370 91 
373 106 371 105 
374 110 386 109 
375 32 394 2 
376 109 385 108 
377 108 390 107 
378 103 383 102 
379 388 395 370 
380 8 397 89 
381 111 398 393 
382 114 392 113 
383 32 395 394 
384 378 392 388 
385 89 397 396 
386 394 395 388 
387 93 378 92 
388 371 396 389 
389 371 377 105 
390 92 378 370 
391 97 376 96 
392 101 375 100 
393 104 374 103 
394 94 373 93 
395 99 372 98 
396 102 381 101 
397 113 392 391 
398 396 397 389 
399 95 384 94 
400 98 380 97 
401 391 399 112 
402 112 399 387 
403 104 377 374 
404 377 390 374 
405 376 382 96 
406 389 397 107 
407 375 379 100 
408 99 379 372 
409 108 400 390 
410 382 384 95 
411 102 383 381 
412 114 394 388 
413 374 383 103 
414 373 378 93 
415 378 388 370 
416 101 381 375 
417 97 380 376 
418 372 380 98 
419 374 400 383 
420 371 389 377 
421 386 393 379 
422 94 384 373 
423 389 390 377 
424 379 393 372 
425 380 387 376 
426 375 386 379 
427 382 391 384 
428 383 385 381 
429 387 398 111 
430 382 399 391 
431 390 400 374 
432 110 393 386 
433 388 392 114 
434 107 390 389 
435 385 400 108 
436 372 398 380 
437 380 398 387 
438 376 399 382 
439 383 400 385 
440 393 398 372 
441 387 399 376 
442 381 386 375 
2 5 2 437
443 501 553 502 
444 490 491 489 
445 149 422 148 
446 147 422 420 
447 488 490 489 
448 513 514 420 
449 401 553 501 
450 148 10 149 
451 143 530 142 
452 4 561 158 
453 418 559 500 
454 408 497 425 
455 148 422 147 
456 500 559 548 
457 488 489 404 
458 35 488 404 
459 556 557 529 
460 37 497 408 
461 405 518 496 
462 420 560 513 
463 532 535 483 
464 142 530 406 
465 541 571 499 
466 412 496 495 
467 538 552 407 
468 39 561 4 
469 501 503 401 
470 413 558 503 
471 410 541 499 
472 411 557 556 
473 503 575 413 
474 2 551 33 
475 489 498 404 
476 490 562 491 
477 496 570 405 
478 115 551 2 
479 407 576 538 
480 503 558 401 
481 417 561 507 
482 553 591 502 
483 422 560 420 
484 495 585 412 
485 483 566 532 
486 143 556 530 
487 131 540 407 
488 499 571 500 
489 491 492 489 
490 38 423 39 
491 34 488 35 
492 36 497 37 
493 507 561 423 
494 497 578 425 
495 562 588 491 
496 514 574 420 
497 416 563 560 
498 158 561 417 
499 489 586 498 
500 132 540 131 
501 510 568 565 
502 530 556 529 
503 572 573 154 
504 575 590 554 
505 413 575 554 
506 424 507 423 
507 500 571 418 
508 535 569 483 
509 412 570 496 
510 418 571 567 
511 453 508 505 
512 505 506 453 
513 453 507 424 
514 405 566 518 
515 565 568 409 
516 432 509 508 
517 494 573 572 
518 508 509 505 
519 432 539 509 
520 560 563 513 
521 426 508 453 
522 517 539 432 
523 428 508 426 
524 408 423 38 
525 506 507 453 
526 432 508 428 
527 408 424 423 
528 456 515 483 
529 419 493 490 
530 544 545 504 
531 468 510 478 
532 460 517 444 
533 419 490 488 
534 462 546 539 
535 472 522 475 
536 33 419 34 
537 458 518 515 
538 37 408 38 
539 419 488 34 
540 426 453 424 
541 468 478 470 
542 449 515 456 
543 147 420 146 
544 469 510 468 
545 478 494 484 
546 465 468 464 
547 444 517 433 
548 463 464 462 
549 456 483 481 
550 495 496 476 
551 468 470 464 
552 496 518 476 
553 475 522 504 
554 448 458 449 
555 448 449 447 
556 478 484 470 
557 458 515 449 
558 441 526 448 
559 461 462 460 
560 441 448 447 
561 522 544 504 
562 437 439 438 
563 404 498 497 
564 127 418 126 
565 430 432 428 
566 476 518 458 
567 435 437 436 
568 521 522 472 
569 404 497 36 
570 439 441 440 
571 455 520 429 
572 469 511 510 
573 531 537 473 
574 465 469 468 
575 441 447 446 
576 145 411 144 
577 461 463 462 
578 463 465 464 
579 129 415 128 
580 448 526 471 
581 526 543 471 
582 449 456 450 
583 456 481 457 
584 459 537 531 
585 452 460 444 
586 430 517 432 
587 437 438 436 
588 539 546 509 
589 429 520 431 
590 452 461 460 
591 131 407 130 
592 463 527 466 
593 436 521 434 
594 439 440 438 
595 142 406 141 
596 435 436 434 
597 445 521 436 
598 460 539 517 
599 481 499 482 
600 443 444 433 
601 451 452 444 
602 431 435 434 
603 525 528 527 
604 502 524 523 
605 439 526 441 
606 461 527 463 
607 442 526 439 
608 523 524 467 
609 437 442 439 
610 441 446 440 
611 524 525 467 
612 435 519 437 
613 443 451 444 
614 445 522 521 
615 425 426 424 
616 502 523 474 
617 452 523 467 
618 527 528 466 
619 433 517 430 
620 525 527 467 
621 35 404 36 
622 473 538 531 
623 449 450 447 
624 529 534 466 
625 451 523 452 
626 452 467 461 
627 437 519 442 
628 429 430 428 
629 472 474 451 
630 140 414 139 
631 431 520 435 
632 431 433 430 
633 475 504 503 
634 501 502 474 
635 471 476 458 
636 443 472 451 
637 434 443 433 
638 408 425 424 
639 528 529 466 
640 443 521 472 
641 427 428 426 
642 434 521 443 
643 484 487 485 
644 472 475 474 
645 474 523 451 
646 431 434 433 
647 480 545 544 
648 456 457 450 
649 475 503 501 
650 429 431 430 
651 475 501 474 
652 448 471 458 
653 463 466 465 
654 438 445 436 
655 467 527 461 
656 427 429 428 
657 136 413 135 
658 446 459 454 
659 134 402 133 
660 138 401 137 
661 423 561 39 
662 459 486 479 
663 450 537 447 
664 459 531 486 
665 464 546 462 
666 484 485 470 
667 481 482 457 
668 425 427 426 
669 512 513 511 
670 156 403 155 
671 471 543 477 
672 446 454 440 
673 473 537 450 
674 528 530 529 
675 477 495 476 
676 119 405 118 
677 486 516 479 
678 435 520 519 
679 487 506 505 
680 459 479 454 
681 469 512 511 
682 153 409 152 
683 427 455 429 
684 499 500 482 
685 479 480 454 
686 120 532 119 
687 447 537 446 
688 152 533 151 
689 466 534 465 
690 462 539 460 
691 446 537 459 
692 438 536 445 
693 491 555 492 
694 536 544 445 
695 121 535 120 
696 151 416 150 
697 457 473 450 
698 122 410 121 
699 486 540 516 
700 465 534 469 
701 480 544 536 
702 440 536 438 
703 157 542 156 
704 454 536 440 
705 119 532 405 
706 123 541 122 
707 442 543 526 
708 469 534 512 
709 512 514 513 
710 480 536 454 
711 487 505 485 
712 409 533 152 
713 471 477 476 
714 120 535 532 
715 470 546 464 
716 124 421 123 
717 445 544 522 
718 156 542 403 
719 485 546 470 
720 151 533 416 
721 410 535 121 
722 158 417 157 
723 505 509 485 
724 509 546 485 
725 457 547 473 
726 122 541 410 
727 117 412 116 
728 473 547 538 
729 482 547 457 
730 421 541 123 
731 417 542 157 
732 482 548 547 
733 514 557 411 
734 500 548 482 
735 149 589 422 
736 455 578 498 
737 33 551 419 
738 402 550 516 
739 516 550 479 
740 480 550 545 
741 492 586 489 
742 540 576 407 
743 507 583 417 
744 519 555 442 
745 406 592 549 
746 529 557 534 
747 493 585 562 
748 524 549 525 
749 512 557 514 
750 519 582 555 
751 479 550 480 
752 419 551 493 
753 549 587 406 
754 530 592 406 
755 129 552 415 
756 407 552 130 
757 130 552 129 
758 414 553 139 
759 139 553 138 
760 135 554 134 
761 138 553 401 
762 413 554 135 
763 134 554 402 
764 510 565 478 
765 515 566 483 
766 144 556 143 
767 116 564 115 
768 442 555 543 
769 493 562 490 
770 562 585 495 
771 411 556 144 
772 136 558 413 
773 401 558 137 
774 534 557 512 
775 411 574 514 
776 405 570 118 
777 155 572 154 
778 555 582 492 
779 504 575 503 
780 127 559 418 
781 415 559 128 
782 117 570 412 
783 560 589 416 
784 153 573 409 
785 538 576 531 
786 548 559 415 
787 486 576 540 
788 498 578 497 
789 455 582 520 
790 427 578 455 
791 483 569 481 
792 414 591 553 
793 528 592 530 
794 137 558 136 
795 150 589 149 
796 125 584 9 
797 491 588 555 
798 9 584 124 
799 115 564 551 
800 548 581 547 
801 126 567 125 
802 415 581 548 
803 498 586 455 
804 538 581 552 
805 420 574 146 
806 128 559 127 
807 532 566 405 
808 494 577 484 
809 145 574 411 
810 499 569 410 
811 549 592 525 
812 516 579 402 
813 524 591 549 
814 549 591 414 
815 455 586 582 
816 567 571 421 
817 402 579 133 
818 406 587 141 
819 140 587 414 
820 477 562 495 
821 555 588 543 
822 414 587 549 
823 551 564 493 
824 513 563 511 
825 481 569 499 
826 409 573 565 
827 533 563 416 
828 478 565 494 
829 412 564 116 
830 511 568 510 
831 518 566 515 
832 533 568 563 
833 563 568 511 
834 418 567 126 
835 409 568 533 
836 410 569 535 
837 118 570 117 
838 540 579 516 
839 132 579 540 
840 403 572 155 
841 421 571 541 
842 422 589 560 
843 154 573 153 
844 146 574 145 
845 477 588 562 
846 545 590 575 
847 484 577 487 
848 572 577 494 
849 545 575 504 
850 402 590 550 
851 487 580 506 
852 531 576 486 
853 554 590 402 
854 425 578 427 
855 577 580 487 
856 506 583 507 
857 580 583 506 
858 552 581 415 
859 133 579 132 
860 403 580 577 
861 542 580 403 
862 547 581 538 
863 520 582 519 
864 542 583 580 
865 417 583 542 
866 141 587 140 
867 502 591 524 
868 525 592 528 
869 124 584 421 
870 543 588 477 
871 416 589 150 
872 567 584 125 
873 550 590 545 
874 564 585 493 
875 582 586 492 
876 565 573 494 
877 412 585 564 
878 403 577 572 
879 421 584 567 
2 6 2 465
880 607 758 688 
881 685 687 606 
882 741 759 608 
883 65 677 193 
884 158 678 58 
885 157 791 678 
886 677 792 192 
887 769 791 716 
888 756 769 716 
889 697 792 770 
890 193 677 192 
891 157 678 158 
892 697 770 757 
893 193 6 65 
894 58 4 158 
895 688 758 753 
896 754 759 741 
897 681 755 609 
898 687 777 606 
899 749 772 706 
900 686 771 747 
901 603 772 749 
902 616 691 595 
903 747 771 604 
904 153 710 154 
905 610 791 157 
906 189 702 188 
907 192 792 611 
908 154 710 597 
909 727 793 594 
910 596 702 189 
911 169 755 168 
912 606 751 685 
913 728 793 727 
914 644 691 616 
915 688 774 607 
916 689 755 681 
917 608 775 741 
918 609 782 681 
919 594 748 727 
920 689 750 593 
921 595 691 62 
922 63 691 602 
923 593 755 689 
924 678 769 58 
925 65 770 677 
926 609 755 169 
927 168 755 593 
928 770 792 677 
929 724 780 773 
930 678 791 769 
931 710 721 597 
932 173 793 728 
933 728 781 173 
934 596 743 702 
935 61 794 614 
936 58 769 59 
937 60 794 61 
938 64 770 65 
939 773 780 600 
940 691 778 602 
941 702 788 188 
942 153 787 710 
943 639 719 713 
944 713 719 714 
945 663 699 698 
946 663 698 655 
947 713 720 639 
948 667 695 693 
949 715 717 712 
950 680 703 662 
951 647 692 658 
952 680 704 703 
953 692 693 658 
954 639 720 621 
955 667 693 692 
956 717 721 640 
957 637 708 643 
958 680 705 704 
959 662 703 656 
960 712 717 711 
961 655 698 667 
962 649 692 647 
963 696 697 694 
964 711 717 640 
965 705 706 704 
966 625 726 622 
967 634 711 640 
968 614 718 615 
969 622 726 620 
970 621 720 623 
971 640 641 636 
972 693 696 694 
973 641 710 709 
974 634 640 636 
975 701 702 699 
976 700 701 699 
977 663 700 699 
978 695 696 693 
979 667 698 695 
980 632 712 711 
981 618 645 644 
982 63 602 64 
983 59 601 60 
984 641 709 708 
985 714 715 712 
986 643 686 685 
987 647 658 645 
988 630 634 631 
989 655 667 652 
990 738 742 674 
991 627 630 628 
992 634 636 635 
993 653 655 652 
994 698 743 695 
995 656 663 655 
996 625 742 738 
997 630 711 634 
998 625 737 726 
999 632 711 630 
1000 181 605 180 
1001 162 606 161 
1002 618 644 616 
1003 646 647 645 
1004 623 627 626 
1005 637 643 642 
1006 619 639 621 
1007 617 618 616 
1008 693 694 658 
1009 651 652 649 
1010 619 621 620 
1011 625 738 737 
1012 615 619 617 
1013 618 646 645 
1014 627 632 630 
1015 645 722 644 
1016 640 721 641 
1017 636 708 637 
1018 179 598 178 
1019 164 599 163 
1020 652 692 649 
1021 714 716 715 
1022 627 628 626 
1023 630 631 628 
1024 656 703 663 
1025 641 708 636 
1026 618 725 646 
1027 62 691 63 
1028 651 653 652 
1029 615 718 619 
1030 619 620 617 
1031 623 720 627 
1032 61 614 595 
1033 646 725 672 
1034 718 719 639 
1035 620 726 725 
1036 679 680 662 
1037 634 635 631 
1038 636 637 635 
1039 621 623 622 
1040 614 615 595 
1041 653 656 655 
1042 615 617 616 
1043 641 721 710 
1044 177 607 176 
1045 166 608 165 
1046 615 616 595 
1047 682 690 689 
1048 643 685 642 
1049 646 648 647 
1050 648 649 647 
1051 667 692 652 
1052 675 682 681 
1053 621 622 620 
1054 623 626 624 
1055 713 714 712 
1056 61 595 62 
1057 172 600 171 
1058 170 609 169 
1059 175 594 174 
1060 168 593 167 
1061 619 718 639 
1062 682 689 681 
1063 668 674 669 
1064 705 707 706 
1065 628 729 626 
1066 632 713 712 
1067 661 668 665 
1068 674 675 669 
1069 661 723 668 
1070 623 624 622 
1071 657 723 661 
1072 686 687 685 
1073 633 729 628 
1074 675 681 676 
1075 632 720 713 
1076 675 676 669 
1077 650 651 649 
1078 626 629 624 
1079 668 669 665 
1080 664 666 660 
1081 617 725 618 
1082 725 726 672 
1083 624 625 622 
1084 661 665 664 
1085 669 724 665 
1086 627 720 632 
1087 665 671 664 
1088 665 724 671 
1089 620 725 617 
1090 648 650 649 
1091 654 735 730 
1092 676 724 669 
1093 658 722 645 
1094 659 662 656 
1095 661 664 660 
1096 650 654 651 
1097 703 704 700 
1098 657 661 660 
1099 646 672 648 
1100 670 679 662 
1101 631 633 628 
1102 657 731 723 
1103 671 728 727 
1104 664 727 666 
1105 650 657 654 
1106 154 597 155 
1107 190 596 189 
1108 637 642 638 
1109 657 660 654 
1110 671 727 664 
1111 653 659 656 
1112 626 729 629 
1113 659 673 670 
1114 659 670 662 
1115 663 703 700 
1116 673 688 670 
1117 730 735 673 
1118 151 604 152 
1119 187 603 186 
1120 683 684 638 
1121 666 735 660 
1122 694 722 658 
1123 637 638 635 
1124 642 683 638 
1125 654 730 651 
1126 155 732 156 
1127 191 733 190 
1128 651 730 653 
1129 702 743 699 
1130 648 731 650 
1131 653 730 659 
1132 650 731 657 
1133 672 731 648 
1134 659 730 673 
1135 668 738 674 
1136 156 610 157 
1137 192 611 191 
1138 631 734 633 
1139 660 735 654 
1140 597 732 155 
1141 190 733 596 
1142 635 734 631 
1143 624 742 625 
1144 673 736 688 
1145 149 613 150 
1146 185 612 184 
1147 684 734 638 
1148 638 734 635 
1149 734 740 633 
1150 735 736 673 
1151 684 740 734 
1152 690 745 739 
1153 666 736 735 
1154 682 745 690 
1155 684 741 740 
1156 674 744 675 
1157 699 743 698 
1158 156 732 610 
1159 611 733 191 
1160 731 737 723 
1161 675 744 682 
1162 737 738 723 
1163 633 739 729 
1164 723 738 668 
1165 726 737 672 
1166 739 745 729 
1167 744 745 682 
1168 672 737 731 
1169 629 742 624 
1170 629 745 744 
1171 729 745 629 
1172 742 744 674 
1173 680 752 705 
1174 741 746 740 
1175 633 740 739 
1176 151 747 604 
1177 740 746 739 
1178 727 748 666 
1179 629 744 742 
1180 739 746 690 
1181 613 747 150 
1182 150 747 151 
1183 690 750 689 
1184 603 749 186 
1185 685 751 642 
1186 185 749 612 
1187 750 761 593 
1188 594 760 748 
1189 186 749 185 
1190 666 748 736 
1191 746 750 690 
1192 679 752 680 
1193 642 751 683 
1194 670 753 679 
1195 683 754 684 
1196 719 756 714 
1197 694 757 722 
1198 701 772 603 
1199 604 771 709 
1200 719 779 756 
1201 757 778 722 
1202 688 753 670 
1203 684 754 741 
1204 695 768 696 
1205 715 767 717 
1206 643 771 686 
1207 605 763 180 
1208 714 756 716 
1209 709 771 708 
1210 784 792 697 
1211 706 772 704 
1212 603 788 701 
1213 697 757 694 
1214 700 772 701 
1215 598 758 178 
1216 164 759 599 
1217 716 791 783 
1218 177 758 607 
1219 608 759 165 
1220 178 758 177 
1221 165 759 164 
1222 180 763 179 
1223 607 760 176 
1224 166 761 608 
1225 162 764 606 
1226 176 760 175 
1227 167 761 166 
1228 175 760 594 
1229 593 761 167 
1230 599 764 163 
1231 171 762 170 
1232 600 762 171 
1233 170 762 609 
1234 179 763 598 
1235 709 787 604 
1236 611 792 784 
1237 756 779 601 
1238 724 773 671 
1239 783 791 610 
1240 601 769 756 
1241 752 795 705 
1242 753 758 598 
1243 163 764 162 
1244 757 770 602 
1245 602 778 757 
1246 752 763 605 
1247 736 774 688 
1248 599 759 754 
1249 614 779 718 
1250 606 764 751 
1251 741 775 746 
1252 160 765 159 
1253 183 766 182 
1254 605 795 752 
1255 604 787 152 
1256 187 788 603 
1257 701 788 702 
1258 683 789 754 
1259 768 784 696 
1260 710 787 709 
1261 181 776 605 
1262 753 790 679 
1263 612 797 766 
1264 606 777 161 
1265 715 783 767 
1266 766 797 707 
1267 644 778 691 
1268 717 767 721 
1269 721 767 597 
1270 743 768 695 
1271 159 785 10 
1272 11 786 183 
1273 10 785 149 
1274 184 786 11 
1275 596 768 743 
1276 754 789 599 
1277 172 781 600 
1278 750 775 761 
1279 597 767 732 
1280 760 774 748 
1281 765 796 613 
1282 733 768 596 
1283 687 796 765 
1284 174 793 173 
1285 598 790 753 
1286 59 769 601 
1287 602 770 64 
1288 708 771 643 
1289 681 782 676 
1290 704 772 700 
1291 707 776 766 
1292 765 777 687 
1293 766 776 182 
1294 671 773 728 
1295 160 777 765 
1296 696 784 697 
1297 767 783 732 
1298 716 783 715 
1299 748 774 736 
1300 733 784 768 
1301 746 775 750 
1302 676 780 724 
1303 182 776 181 
1304 161 777 160 
1305 722 778 644 
1306 718 779 719 
1307 607 774 760 
1308 613 796 747 
1309 761 775 608 
1310 600 781 773 
1311 747 796 686 
1312 749 797 612 
1313 614 794 779 
1314 149 785 613 
1315 612 786 184 
1316 173 781 172 
1317 706 797 749 
1318 732 783 610 
1319 611 784 733 
1320 152 787 153 
1321 188 788 187 
1322 679 790 752 
1323 600 780 762 
1324 751 789 683 
1325 594 793 174 
1326 601 794 60 
1327 686 796 687 
1328 707 797 706 
1329 705 795 707 
1330 776 795 605 
1331 613 785 765 
1332 762 782 609 
1333 766 786 612 
1334 752 790 763 
1335 764 789 751 
1336 599 789 764 
1337 765 785 159 
1338 763 790 598 
1339 183 786 766 
1340 773 781 728 
1341 676 782 780 
1342 780 782 762 
1343 707 795 776 
1344 779 794 601 
2 7 2 437
1345 898 950 899 
1346 887 888 886 
1347 218 819 217 
1348 216 819 817 
1349 885 887 886 
1350 910 911 817 
1351 798 950 898 
1352 217 12 218 
1353 212 927 211 
1354 8 958 227 
1355 815 956 897 
1356 805 894 822 
1357 217 819 216 
1358 897 956 945 
1359 885 886 801 
1360 84 885 801 
1361 953 954 926 
1362 86 894 805 
1363 802 915 893 
1364 817 957 910 
1365 930 932 880 
1366 211 927 803 
1367 934 968 896 
1368 809 893 892 
1369 937 949 804 
1370 88 958 8 
1371 898 900 798 
1372 810 955 900 
1373 807 934 896 
1374 808 954 953 
1375 900 972 810 
1376 6 948 82 
1377 886 895 801 
1378 887 959 888 
1379 893 967 802 
1380 193 948 6 
1381 804 973 937 
1382 900 955 798 
1383 814 958 904 
1384 950 988 899 
1385 819 957 817 
1386 892 982 809 
1387 880 963 930 
1388 212 953 927 
1389 200 939 804 
1390 896 968 897 
1391 888 889 886 
1392 87 820 88 
1393 83 885 84 
1394 85 894 86 
1395 904 958 820 
1396 894 975 822 
1397 959 985 888 
1398 911 971 817 
1399 813 960 957 
1400 227 958 814 
1401 886 983 895 
1402 201 939 200 
1403 907 965 962 
1404 927 953 926 
1405 969 970 223 
1406 972 987 951 
1407 810 972 951 
1408 821 904 820 
1409 897 968 815 
1410 932 966 880 
1411 809 967 893 
1412 815 968 964 
1413 850 905 902 
1414 902 903 850 
1415 850 904 821 
1416 802 963 915 
1417 962 965 806 
1418 829 906 905 
1419 891 970 969 
1420 905 906 902 
1421 829 938 906 
1422 957 960 910 
1423 823 905 850 
1424 914 938 829 
1425 825 905 823 
1426 805 820 87 
1427 903 904 850 
1428 829 905 825 
1429 805 821 820 
1430 853 912 880 
1431 816 890 887 
1432 941 942 901 
1433 865 907 875 
1434 857 914 841 
1435 816 887 885 
1436 859 943 938 
1437 869 919 872 
1438 82 816 83 
1439 855 915 912 
1440 86 805 87 
1441 816 885 83 
1442 823 850 821 
1443 865 875 867 
1444 846 912 853 
1445 216 817 215 
1446 866 907 865 
1447 875 891 881 
1448 862 865 861 
1449 841 914 830 
1450 860 861 859 
1451 853 880 878 
1452 892 893 873 
1453 865 867 861 
1454 893 915 873 
1455 872 919 901 
1456 845 855 846 
1457 845 846 844 
1458 875 881 867 
1459 855 912 846 
1460 838 923 845 
1461 858 859 857 
1462 838 845 844 
1463 919 941 901 
1464 834 836 835 
1465 801 895 894 
1466 196 815 195 
1467 827 829 825 
1468 873 915 855 
1469 832 834 833 
1470 918 919 869 
1471 801 894 85 
1472 836 838 837 
1473 852 917 826 
1474 866 908 907 
1475 928 936 870 
1476 862 866 865 
1477 838 844 843 
1478 214 808 213 
1479 858 860 859 
1480 860 862 861 
1481 198 812 197 
1482 845 923 868 
1483 923 940 868 
1484 846 853 847 
1485 853 878 854 
1486 856 936 928 
1487 849 857 841 
1488 827 914 829 
1489 834 835 833 
1490 938 943 906 
1491 826 917 828 
1492 849 858 857 
1493 200 804 199 
1494 860 924 863 
1495 833 918 831 
1496 836 837 835 
1497 211 803 210 
1498 832 833 831 
1499 842 918 833 
1500 857 938 914 
1501 878 896 879 
1502 840 841 830 
1503 848 849 841 
1504 828 832 831 
1505 922 925 924 
1506 899 921 920 
1507 836 923 838 
1508 858 924 860 
1509 839 923 836 
1510 920 921 864 
1511 834 839 836 
1512 838 843 837 
1513 921 922 864 
1514 832 916 834 
1515 840 848 841 
1516 842 919 918 
1517 822 823 821 
1518 899 920 871 
1519 849 920 864 
1520 924 925 863 
1521 830 914 827 
1522 922 924 864 
1523 84 801 85 
1524 870 937 928 
1525 846 847 844 
1526 926 933 863 
1527 848 920 849 
1528 849 864 858 
1529 834 916 839 
1530 826 827 825 
1531 869 871 848 
1532 209 811 208 
1533 828 917 832 
1534 828 830 827 
1535 872 901 900 
1536 898 899 871 
1537 868 873 855 
1538 840 869 848 
1539 831 840 830 
1540 805 822 821 
1541 925 926 863 
1542 840 918 869 
1543 824 825 823 
1544 831 918 840 
1545 881 884 882 
1546 869 872 871 
1547 871 920 848 
1548 828 831 830 
1549 877 942 941 
1550 853 854 847 
1551 872 900 898 
1552 826 828 827 
1553 872 898 871 
1554 845 868 855 
1555 860 863 862 
1556 835 842 833 
1557 864 924 858 
1558 824 826 825 
1559 205 810 204 
1560 843 856 851 
1561 203 799 202 
1562 207 798 206 
1563 820 958 88 
1564 856 883 876 
1565 847 936 844 
1566 856 928 883 
1567 861 943 859 
1568 881 882 867 
1569 878 879 854 
1570 822 824 823 
1571 909 910 908 
1572 225 800 224 
1573 868 940 874 
1574 843 851 837 
1575 870 936 847 
1576 925 927 926 
1577 874 892 873 
1578 189 802 190 
1579 883 913 876 
1580 832 917 916 
1581 884 903 902 
1582 856 876 851 
1583 866 909 908 
1584 222 806 221 
1585 824 852 826 
1586 896 897 879 
1587 876 877 851 
1588 188 930 189 
1589 844 936 843 
1590 221 931 220 
1591 863 933 862 
1592 859 938 857 
1593 843 936 856 
1594 835 935 842 
1595 888 952 889 
1596 935 941 842 
1597 187 932 188 
1598 220 813 219 
1599 854 870 847 
1600 186 807 187 
1601 883 939 913 
1602 862 933 866 
1603 877 941 935 
1604 837 935 835 
1605 226 929 225 
1606 851 935 837 
1607 189 930 802 
1608 185 934 186 
1609 839 940 923 
1610 866 933 909 
1611 909 911 910 
1612 877 935 851 
1613 884 902 882 
1614 806 931 221 
1615 868 874 873 
1616 188 932 930 
1617 867 943 861 
1618 184 818 185 
1619 842 941 919 
1620 225 929 800 
1621 882 943 867 
1622 220 931 813 
1623 807 932 187 
1624 227 814 226 
1625 902 906 882 
1626 906 943 882 
1627 854 944 870 
1628 186 934 807 
1629 191 809 192 
1630 870 944 937 
1631 879 944 854 
1632 818 934 185 
1633 814 929 226 
1634 879 945 944 
1635 911 954 808 
1636 897 945 879 
1637 218 986 819 
1638 852 975 895 
1639 82 948 816 
1640 799 947 913 
1641 913 947 876 
1642 877 947 942 
1643 889 983 886 
1644 939 973 804 
1645 904 980 814 
1646 916 952 839 
1647 803 989 946 
1648 926 954 933 
1649 890 982 959 
1650 921 946 922 
1651 909 954 911 
1652 916 979 952 
1653 876 947 877 
1654 816 948 890 
1655 946 984 803 
1656 927 989 803 
1657 198 949 812 
1658 804 949 199 
1659 199 949 198 
1660 811 950 208 
1661 208 950 207 
1662 204 951 203 
1663 207 950 798 
1664 810 951 204 
1665 203 951 799 
1666 907 962 875 
1667 912 963 880 
1668 213 953 212 
1669 192 961 193 
1670 839 952 940 
1671 890 959 887 
1672 959 982 892 
1673 808 953 213 
1674 205 955 810 
1675 798 955 206 
1676 933 954 909 
1677 808 971 911 
1678 802 967 190 
1679 224 969 223 
1680 952 979 889 
1681 901 972 900 
1682 196 956 815 
1683 812 956 197 
1684 191 967 809 
1685 957 986 813 
1686 222 970 806 
1687 937 973 928 
1688 945 956 812 
1689 883 973 939 
1690 895 975 894 
1691 852 979 917 
1692 824 975 852 
1693 880 966 878 
1694 811 988 950 
1695 925 989 927 
1696 206 955 205 
1697 219 986 218 
1698 194 981 11 
1699 888 985 952 
1700 11 981 184 
1701 193 961 948 
1702 945 978 944 
1703 195 964 194 
1704 812 978 945 
1705 895 983 852 
1706 937 978 949 
1707 817 971 215 
1708 197 956 196 
1709 930 963 802 
1710 891 974 881 
1711 214 971 808 
1712 896 966 807 
1713 946 989 922 
1714 913 976 799 
1715 921 988 946 
1716 946 988 811 
1717 852 983 979 
1718 964 968 818 
1719 799 976 202 
1720 803 984 210 
1721 209 984 811 
1722 874 959 892 
1723 952 985 940 
1724 811 984 946 
1725 948 961 890 
1726 910 960 908 
1727 878 966 896 
1728 806 970 962 
1729 931 960 813 
1730 875 962 891 
1731 809 961 192 
1732 908 965 907 
1733 915 963 912 
1734 931 965 960 
1735 960 965 908 
1736 815 964 195 
1737 806 965 931 
1738 807 966 932 
1739 190 967 191 
1740 939 976 913 
1741 201 976 939 
1742 800 969 224 
1743 818 968 934 
1744 819 986 957 
1745 223 970 222 
1746 215 971 214 
1747 874 985 959 
1748 942 987 972 
1749 881 974 884 
1750 969 974 891 
1751 942 972 901 
1752 799 987 947 
1753 884 977 903 
1754 928 973 883 
1755 951 987 799 
1756 822 975 824 
1757 974 977 884 
1758 903 980 904 
1759 977 980 903 
1760 949 978 812 
1761 202 976 201 
1762 800 977 974 
1763 929 977 800 
1764 944 978 937 
1765 917 979 916 
1766 929 980 977 
1767 814 980 929 
1768 210 984 209 
1769 899 988 921 
1770 922 989 925 
1771 184 981 818 
1772 940 985 874 
1773 813 986 219 
1774 964 981 194 
1775 947 987 942 
1776 961 982 890 
1777 979 983 889 
1778 962 970 891 
1779 809 982 961 
1780 800 974 969 
1781 818 981 964 
2 8 2 465
1782 1004 1155 1085 
1783 1082 1084 1003 
1784 1138 1156 1005 
1785 114 1074 115 
1786 227 1075 107 
1787 226 1188 1075 
1788 1074 1189 116 
1789 1166 1188 1113 
1790 1153 1166 1113 
1791 1094 1189 1167 
1792 115 1074 116 
1793 226 1075 227 
1794 1094 1167 1154 
1795 115 2 114 
1796 107 8 227 
1797 1085 1155 1150 
1798 1151 1156 1138 
1799 1078 1152 1006 
1800 1084 1174 1003 
1801 1146 1169 1103 
1802 1083 1168 1144 
1803 1000 1169 1146 
1804 1013 1088 992 
1805 1144 1168 1001 
1806 222 1107 223 
1807 1007 1188 226 
1808 119 1099 120 
1809 116 1189 1008 
1810 223 1107 994 
1811 1124 1190 991 
1812 993 1099 119 
1813 238 1152 237 
1814 1003 1148 1082 
1815 1125 1190 1124 
1816 1041 1088 1013 
1817 1085 1171 1004 
1818 1086 1152 1078 
1819 1005 1172 1138 
1820 1006 1179 1078 
1821 991 1145 1124 
1822 1086 1147 990 
1823 992 1088 111 
1824 112 1088 999 
1825 990 1152 1086 
1826 1075 1166 107 
1827 114 1167 1074 
1828 1006 1152 238 
1829 237 1152 990 
1830 1167 1189 1074 
1831 1121 1177 1170 
1832 1075 1188 1166 
1833 1107 1118 994 
1834 242 1190 1125 
1835 1125 1178 242 
1836 993 1140 1099 
1837 110 1191 1011 
1838 107 1166 108 
1839 109 1191 110 
1840 113 1167 114 
1841 1170 1177 997 
1842 1088 1175 999 
1843 1099 1185 120 
1844 222 1184 1107 
1845 1036 1116 1110 
1846 1110 1116 1111 
1847 1060 1096 1095 
1848 1060 1095 1052 
1849 1110 1117 1036 
1850 1064 1092 1090 
1851 1112 1114 1109 
1852 1077 1100 1059 
1853 1044 1089 1055 
1854 1077 1101 1100 
1855 1089 1090 1055 
1856 1036 1117 1018 
1857 1064 1090 1089 
1858 1114 1118 1037 
1859 1034 1105 1040 
1860 1077 1102 1101 
1861 1059 1100 1053 
1862 1109 1114 1108 
1863 1052 1095 1064 
1864 1046 1089 1044 
1865 1093 1094 1091 
1866 1108 1114 1037 
1867 1102 1103 1101 
1868 1022 1123 1019 
1869 1031 1108 1037 
1870 1011 1115 1012 
1871 1019 1123 1017 
1872 1018 1117 1020 
1873 1037 1038 1033 
1874 1090 1093 1091 
1875 1038 1107 1106 
1876 1031 1037 1033 
1877 1098 1099 1096 
1878 1097 1098 1096 
1879 1060 1097 1096 
1880 1092 1093 1090 
1881 1064 1095 1092 
1882 1029 1109 1108 
1883 1015 1042 1041 
1884 112 999 113 
1885 108 998 109 
1886 1038 1106 1105 
1887 1111 1112 1109 
1888 1040 1083 1082 
1889 1044 1055 1042 
1890 1027 1031 1028 
1891 1052 1064 1049 
1892 1135 1139 1071 
1893 1024 1027 1025 
1894 1031 1033 1032 
1895 1050 1052 1049 
1896 1095 1140 1092 
1897 1053 1060 1052 
1898 1022 1139 1135 
1899 1027 1108 1031 
1900 1022 1134 1123 
1901 1029 1108 1027 
1902 250 1002 249 
1903 231 1003 230 
1904 1015 1041 1013 
1905 1043 1044 1042 
1906 1020 1024 1023 
1907 1034 1040 1039 
1908 1016 1036 1018 
1909 1014 1015 1013 
1910 1090 1091 1055 
1911 1048 1049 1046 
1912 1016 1018 1017 
1913 1022 1135 1134 
1914 1012 1016 1014 
1915 1015 1043 1042 
1916 1024 1029 1027 
1917 1042 1119 1041 
1918 1037 1118 1038 
1919 1033 1105 1034 
1920 248 995 247 
1921 233 996 232 
1922 1049 1089 1046 
1923 1111 1113 1112 
1924 1024 1025 1023 
1925 1027 1028 1025 
1926 1053 1100 1060 
1927 1038 1105 1033 
1928 1015 1122 1043 
1929 111 1088 112 
1930 1048 1050 1049 
1931 1012 1115 1016 
1932 1016 1017 1014 
1933 1020 1117 1024 
1934 110 1011 992 
1935 1043 1122 1069 
1936 1115 1116 1036 
1937 1017 1123 1122 
1938 1076 1077 1059 
1939 1031 1032 1028 
1940 1033 1034 1032 
1941 1018 1020 1019 
1942 1011 1012 992 
1943 1050 1053 1052 
1944 1012 1014 1013 
1945 1038 1118 1107 
1946 246 1004 245 
1947 235 1005 234 
1948 1012 1013 992 
1949 1079 1087 1086 
1950 1040 1082 1039 
1951 1043 1045 1044 
1952 1045 1046 1044 
1953 1064 1089 1049 
1954 1072 1079 1078 
1955 1018 1019 1017 
1956 1020 1023 1021 
1957 1110 1111 1109 
1958 110 992 111 
1959 241 997 240 
1960 239 1006 238 
1961 244 991 243 
1962 237 990 236 
1963 1016 1115 1036 
1964 1079 1086 1078 
1965 1065 1071 1066 
1966 1102 1104 1103 
1967 1025 1127 1023 
1968 1029 1110 1109 
1969 1058 1065 1062 
1970 1071 1072 1066 
1971 1058 1120 1065 
1972 1020 1021 1019 
1973 1054 1120 1058 
1974 1083 1084 1082 
1975 1030 1127 1025 
1976 1072 1078 1073 
1977 1029 1117 1110 
1978 1072 1073 1066 
1979 1047 1048 1046 
1980 1023 1026 1021 
1981 1065 1066 1062 
1982 1061 1063 1057 
1983 1014 1122 1015 
1984 1122 1123 1069 
1985 1021 1022 1019 
1986 1058 1062 1061 
1987 1066 1121 1062 
1988 1024 1117 1029 
1989 1062 1068 1061 
1990 1062 1121 1068 
1991 1017 1122 1014 
1992 1045 1047 1046 
1993 1051 1132 1128 
1994 1073 1121 1066 
1995 1055 1119 1042 
1996 1056 1059 1053 
1997 1058 1061 1057 
1998 1047 1051 1048 
1999 1100 1101 1097 
2000 1054 1058 1057 
2001 1043 1069 1045 
2002 1067 1076 1059 
2003 1028 1030 1025 
2004 1054 1129 1120 
2005 1068 1125 1124 
2006 1061 1124 1063 
2007 1047 1054 1051 
2008 223 994 224 
2009 118 993 119 
2010 1034 1039 1035 
2011 1054 1057 1051 
2012 1068 1124 1061 
2013 1050 1056 1053 
2014 1023 1127 1026 
2015 1056 1070 1067 
2016 1056 1067 1059 
2017 1060 1100 1097 
2018 1070 1085 1067 
2019 1128 1132 1070 
2020 220 1001 221 
2021 121 1000 122 
2022 1080 1081 1035 
2023 1063 1132 1057 
2024 1091 1119 1055 
2025 1034 1035 1032 
2026 1039 1080 1035 
2027 1051 1128 1048 
2028 224 1130 225 
2029 117 1126 118 
2030 1048 1128 1050 
2031 1099 1140 1096 
2032 1045 1129 1047 
2033 1050 1128 1056 
2034 1047 1129 1054 
2035 1069 1129 1045 
2036 1056 1128 1070 
2037 1065 1135 1071 
2038 225 1007 226 
2039 116 1008 117 
2040 1028 1131 1030 
2041 1057 1132 1051 
2042 994 1130 224 
2043 118 1126 993 
2044 1032 1131 1028 
2045 1021 1139 1022 
2046 1070 1133 1085 
2047 218 1010 219 
2048 123 1009 124 
2049 1081 1131 1035 
2050 1035 1131 1032 
2051 1131 1137 1030 
2052 1132 1133 1070 
2053 1081 1137 1131 
2054 1087 1142 1136 
2055 1063 1133 1132 
2056 1079 1142 1087 
2057 1081 1138 1137 
2058 1071 1141 1072 
2059 1096 1140 1095 
2060 225 1130 1007 
2061 1008 1126 117 
2062 1129 1134 1120 
2063 1072 1141 1079 
2064 1134 1135 1120 
2065 1030 1136 1127 
2066 1120 1135 1065 
2067 1123 1134 1069 
2068 1136 1142 1127 
2069 1141 1142 1079 
2070 1069 1134 1129 
2071 1026 1139 1021 
2072 1026 1142 1141 
2073 1127 1142 1026 
2074 1139 1141 1071 
2075 1077 1149 1102 
2076 1138 1143 1137 
2077 1030 1137 1136 
2078 220 1144 1001 
2079 1137 1143 1136 
2080 1124 1145 1063 
2081 1026 1141 1139 
2082 1136 1143 1087 
2083 1010 1144 219 
2084 219 1144 220 
2085 1087 1147 1086 
2086 1000 1146 122 
2087 1082 1148 1039 
2088 123 1146 1009 
2089 1147 1158 990 
2090 991 1157 1145 
2091 122 1146 123 
2092 1063 1145 1133 
2093 1143 1147 1087 
2094 1076 1149 1077 
2095 1039 1148 1080 
2096 1067 1150 1076 
2097 1080 1151 1081 
2098 1116 1153 1111 
2099 1091 1154 1119 
2100 1098 1169 1000 
2101 1001 1168 1106 
2102 1116 1176 1153 
2103 1154 1175 1119 
2104 1085 1150 1067 
2105 1081 1151 1138 
2106 1092 1165 1093 
2107 1112 1164 1114 
2108 1040 1168 1083 
2109 1002 1160 249 
2110 1111 1153 1113 
2111 1106 1168 1105 
2112 1181 1189 1094 
2113 1103 1169 1101 
2114 1000 1185 1098 
2115 1094 1154 1091 
2116 1097 1169 1098 
2117 995 1155 247 
2118 233 1156 996 
2119 1113 1188 1180 
2120 246 1155 1004 
2121 1005 1156 234 
2122 247 1155 246 
2123 234 1156 233 
2124 249 1160 248 
2125 1004 1157 245 
2126 235 1158 1005 
2127 231 1161 1003 
2128 245 1157 244 
2129 236 1158 235 
2130 244 1157 991 
2131 990 1158 236 
2132 996 1161 232 
2133 240 1159 239 
2134 997 1159 240 
2135 239 1159 1006 
2136 248 1160 995 
2137 1106 1184 1001 
2138 1008 1189 1181 
2139 1153 1176 998 
2140 1121 1170 1068 
2141 1180 1188 1007 
2142 998 1166 1153 
2143 1149 1192 1102 
2144 1150 1155 995 
2145 232 1161 231 
2146 1154 1167 999 
2147 999 1175 1154 
2148 1149 1160 1002 
2149 1133 1171 1085 
2150 996 1156 1151 
2151 1011 1176 1115 
2152 1003 1161 1148 
2153 1138 1172 1143 
2154 229 1162 228 
2155 252 1163 251 
2156 1002 1192 1149 
2157 1001 1184 221 
2158 121 1185 1000 
2159 1098 1185 1099 
2160 1080 1186 1151 
2161 1165 1181 1093 
2162 1107 1184 1106 
2163 250 1173 1002 
2164 1150 1187 1076 
2165 1009 1194 1163 
2166 1003 1174 230 
2167 1112 1180 1164 
2168 1163 1194 1104 
2169 1041 1175 1088 
2170 1114 1164 1118 
2171 1118 1164 994 
2172 1140 1165 1092 
2173 228 1182 12 
2174 9 1183 252 
2175 12 1182 218 
2176 124 1183 9 
2177 993 1165 1140 
2178 1151 1186 996 
2179 241 1178 997 
2180 1147 1172 1158 
2181 994 1164 1130 
2182 1157 1171 1145 
2183 1162 1193 1010 
2184 1126 1165 993 
2185 1084 1193 1162 
2186 243 1190 242 
2187 995 1187 1150 
2188 108 1166 998 
2189 999 1167 113 
2190 1105 1168 1040 
2191 1078 1179 1073 
2192 1101 1169 1097 
2193 1104 1173 1163 
2194 1162 1174 1084 
2195 1163 1173 251 
2196 1068 1170 1125 
2197 229 1174 1162 
2198 1093 1181 1094 
2199 1164 1180 1130 
2200 1113 1180 1112 
2201 1145 1171 1133 
2202 1126 1181 1165 
2203 1143 1172 1147 
2204 1073 1177 1121 
2205 251 1173 250 
2206 230 1174 229 
2207 1119 1175 1041 
2208 1115 1176 1116 
2209 1004 1171 1157 
2210 1010 1193 1144 
2211 1158 1172 1005 
2212 997 1178 1170 
2213 1144 1193 1083 
2214 1146 1194 1009 
2215 1011 1191 1176 
2216 218 1182 1010 
2217 1009 1183 124 
2218 242 1178 241 
2219 1103 1194 1146 
2220 1130 1180 1007 
2221 1008 1181 1126 
2222 221 1184 222 
2223 120 1185 121 
2224 1076 1187 1149 
2225 997 1177 1159 
2226 1148 1186 1080 
2227 991 1190 243 
2228 998 1191 109 
2229 1083 1193 1084 
2230 1104 1194 1103 
2231 1102 1192 1104 
2232 1173 1192 1002 
2233 1010 1182 1162 
2234 1159 1179 1006 
2235 1163 1183 1009 
2236 1149 1187 1160 
2237 1161 1186 1148 
2238 996 1186 1161 
2239 1162 1182 228 
2240 1160 1187 995 
2241 252 1183 1163 
2242 1170 1178 1125 
2243 1073 1179 1177 
2244 1177 1179 1159 
2245 1104 1192 1173 
2246 1176 1191 998 
2 9 2 1522
2247 1368 1370 1369 
2248 272 1666 1527 
2249 1333 1758 1460 
2250 1375 1378 1370 
2251 1363 1727 1658 
2252 1378 1621 1620 
2253 1516 1802 1332 
2254 1370 1371 1369 
2255 1358 1562 1357 
2256 1288 1332 1295 
2257 1384 1386 1385 
2258 1470 1655 1457 
2259 1587 1645 1229 
2260 1283 1574 1570 
2261 1492 1721 1394 
2262 1499 1820 1412 
2263 1283 1665 1574 
2264 1276 1779 1646 
2265 1542 1561 287 
2266 1208 1525 1342 
2267 1366 1562 1358 
2268 1527 1712 272 
2269 1220 1586 1569 
2270 1524 1875 1452 
2271 1344 1483 1328 
2272 1422 1481 1480 
2273 1399 1441 1391 
2274 1659 1665 1284 
2275 1658 1727 1659 
2276 1577 1784 1601 
2277 1534 1535 1533 
2278 1496 1673 1462 
2279 1463 1801 1672 
2280 1478 1823 1693 
2281 1215 1751 1566 
2282 1486 1798 1615 
2283 1450 1451 1437 
2284 1311 1681 1679 
2285 1368 1369 1326 
2286 1497 1834 276 
2287 1460 1759 1333 
2288 1285 1325 1278 
2289 1673 1801 1462 
2290 1631 1734 1427 
2291 1473 1790 1557 
2292 1380 1516 1332 
2293 1450 1452 1451 
2294 1459 1696 1434 
2295 1462 1570 1461 
2296 1437 1459 1434 
2297 1518 1627 1563 
2298 1386 1387 1385 
2299 1356 1461 1351 
2300 1507 1657 1445 
2301 1518 1707 1627 
2302 1513 1558 1350 
2303 1294 1544 1530 
2304 1198 1497 276 
2305 1277 1736 1528 
2306 1560 1798 1486 
2307 1240 1709 1383 
2308 1759 1773 1333 
2309 1534 1538 1535 
2310 1321 1771 1349 
2311 1393 1489 1394 
2312 1480 1776 1417 
2313 1384 1385 1293 
2314 1387 1393 1389 
2315 1371 1476 1374 
2316 1355 1583 1505 
2317 1412 1820 1411 
2318 1391 1466 1386 
2319 1564 1624 1251 
2320 1409 1474 1407 
2321 1207 1208 1199 
2322 1317 1326 1319 
2323 1445 1506 1375 
2324 1575 1670 1290 
2325 1439 1488 1431 
2326 1390 1391 1386 
2327 1332 1845 1295 
2328 1579 1633 1335 
2329 1752 1860 1327 
2330 1218 1858 1260 
2331 1664 1692 1554 
2332 1237 1754 1691 
2333 1373 1375 1370 
2334 1422 1480 1419 
2335 1310 1686 1367 
2336 1706 1745 1341 
2337 1803 1808 1506 
2338 1375 1739 1378 
2339 1208 1210 1209 
2340 1766 1767 1343 
2341 1214 1217 1216 
2342 1510 1761 265 
2343 1210 1214 1211 
2344 1207 1525 1208 
2345 1200 1664 1554 
2346 1376 1445 1375 
2347 1570 1801 1283 
2348 1263 1293 1267 
2349 1569 1747 1220 
2350 1208 1209 1199 
2351 1383 1384 1293 
2352 1217 1218 1216 
2353 1477 1823 1478 
2354 1467 1698 1466 
2355 1457 1807 1507 
2356 1685 1774 1589 
2357 1214 1216 1211 
2358 1295 1845 1336 
2359 1310 1367 1317 
2360 1399 1518 1441 
2361 1210 1211 1209 
2362 1392 1399 1391 
2363 1646 1779 1711 
2364 1532 1534 1533 
2365 1679 1681 1504 
2366 1370 1795 1371 
2367 1303 1455 1337 
2368 1240 1383 1263 
2369 1367 1368 1326 
2370 1451 1495 1459 
2371 1196 1534 1532 
2372 287 1772 1542 
2373 1419 1480 1417 
2374 1393 1394 1389 
2375 1455 1573 1337 
2376 1528 1736 1556 
2377 1538 1689 1535 
2378 1278 1438 1253 
2379 1528 1579 1277 
2380 1218 1260 1221 
2381 1505 1678 1355 
2382 1452 1564 1451 
2383 1364 1710 1515 
2384 1457 1507 1446 
2385 1335 1633 1632 
2386 1409 1493 1474 
2387 1303 1337 1306 
2388 1672 1801 1673 
2389 1479 1503 1471 
2390 1350 1609 1513 
2391 1504 1708 1679 
2392 1563 1599 1234 
2393 1400 1519 1399 
2394 1326 1769 1319 
2395 1285 1883 1325 
2396 1496 1674 1673 
2397 1229 1629 1587 
2398 1545 1631 1427 
2399 1444 1704 1531 
2400 1237 1691 1217 
2401 1345 1647 1567 
2402 1699 1713 1605 
2403 1451 1650 1495 
2404 1466 1857 1467 
2405 1247 1280 1243 
2406 1763 1773 1759 
2407 1503 1855 1728 
2408 1474 1586 1475 
2409 1356 1462 1461 
2410 1288 1831 1380 
2411 1321 1349 1330 
2412 1205 1527 1525 
2413 1553 1555 1552 
2414 1446 1507 1445 
2415 1292 1794 1508 
2416 1425 1501 1499 
2417 1438 1817 1253 
2418 1517 1544 1294 
2419 1225 1838 1517 
2420 1620 1623 1378 
2421 1470 1822 1655 
2422 1417 1425 1415 
2423 265 1761 1201 
2424 1547 1625 1524 
2425 1225 1294 1227 
2426 1415 1499 1412 
2427 1674 1690 1681 
2428 1328 1883 1285 
2429 1528 1556 1342 
2430 1481 1565 1480 
2431 1196 1537 1534 
2432 1525 1526 1342 
2433 1461 1643 1351 
2434 287 1561 286 
2435 1243 1545 1237 
2436 1466 1698 1521 
2437 1445 1803 1506 
2438 1424 1544 1517 
2439 1425 1499 1415 
2440 1394 1721 1396 
2441 1387 1521 1393 
2442 1490 1641 1489 
2443 1386 1783 1387 
2444 1569 1586 1474 
2445 268 1207 1199 
2446 1517 1695 1424 
2447 1451 1459 1437 
2448 1267 1522 1270 
2449 1354 1678 1520 
2450 274 1834 1557 
2451 1196 1532 255 
2452 277 1543 1198 
2453 1557 1790 1195 
2454 1421 1422 1419 
2455 1343 1546 1523 
2456 1522 1576 1270 
2457 1519 1837 1684 
2458 1537 1538 1534 
2459 1396 1511 1398 
2460 1458 1470 1457 
2461 276 1834 275 
2462 1531 1704 1197 
2463 1337 1821 1500 
2464 1590 1718 1482 
2465 257 1765 1540 
2466 1400 1729 1519 
2467 1508 1794 1723 
2468 1247 1549 1280 
2469 1253 1817 1249 
2470 1257 1278 1253 
2471 1430 1431 1423 
2472 1215 1718 1717 
2473 1198 1710 1497 
2474 1476 1498 1374 
2475 1469 1800 1231 
2476 1441 1857 1466 
2477 1489 1492 1394 
2478 1357 1762 1361 
2479 1432 1439 1431 
2480 1231 1292 1233 
2481 1443 1745 1706 
2482 1344 1713 1483 
2483 1655 1807 1457 
2484 1566 1718 1215 
2485 1406 1407 1404 
2486 1384 1390 1386 
2487 1547 1851 1625 
2488 1393 1490 1489 
2489 1288 1295 1289 
2490 1233 1709 1240 
2491 1296 1812 1300 
2492 1493 1569 1474 
2493 286 1561 1200 
2494 1691 1858 1218 
2495 1225 1517 1294 
2496 1408 1409 1407 
2497 1422 1482 1481 
2498 1601 1612 1245 
2499 1402 1403 1400 
2500 1509 1510 266 
2501 1425 1502 1501 
2502 1466 1783 1386 
2503 1263 1383 1293 
2504 1454 1457 1446 
2505 1489 1660 1492 
2506 1294 1469 1227 
2507 1231 1800 1292 
2508 1523 1524 1452 
2509 1362 1880 1643 
2510 1476 1668 1498 
2511 1482 1718 1481 
2512 1515 1733 1364 
2513 1368 1373 1370 
2514 1279 1285 1278 
2515 1577 1601 1439 
2516 256 1539 1196 
2517 1234 1701 1563 
2518 1288 1380 1332 
2519 1621 1827 1308 
2520 1293 1522 1267 
2521 1274 1288 1287 
2522 1442 1450 1437 
2523 1317 1367 1326 
2524 283 1878 1202 
2525 284 1553 1552 
2526 1308 1675 1621 
2527 1503 1728 1470 
2528 1294 1626 1469 
2529 1374 1877 1382 
2530 1511 1676 1512 
2531 1343 1767 1325 
2532 266 1510 265 
2533 1562 1762 1357 
2534 1552 1878 283 
2535 1403 1729 1400 
2536 1476 1795 1623 
2537 1205 1712 1527 
2538 1488 1774 1685 
2539 1317 1319 1318 
2540 1204 1531 260 
2541 1410 1411 1409 
2542 1692 1752 1687 
2543 1692 1860 1752 
2544 1699 1805 1713 
2545 1769 1770 1319 
2546 1236 1237 1217 
2547 1545 1754 1237 
2548 1417 1776 1425 
2549 1759 1761 1731 
2550 1227 1469 1231 
2551 1474 1475 1407 
2552 1199 1509 267 
2553 1622 1677 1314 
2554 1280 1545 1243 
2555 1526 1528 1342 
2556 1274 1831 1288 
2557 1335 1746 1579 
2558 1366 1849 1562 
2559 1329 1344 1328 
2560 1729 1837 1519 
2561 1390 1392 1391 
2562 1290 1804 1575 
2563 1221 1838 1225 
2564 1325 1438 1278 
2565 1586 1587 1475 
2566 1251 1650 1564 
2567 1532 1533 1203 
2568 1310 1317 1316 
2569 1535 1738 1541 
2570 1483 1826 1328 
2571 1558 1560 1350 
2572 1263 1267 1266 
2573 1530 1626 1294 
2574 1607 1785 1452 
2575 1201 1550 264 
2576 1495 1813 1577 
2577 1511 1512 1398 
2578 1240 1263 1262 
2579 1218 1221 1219 
2580 265 1201 264 
2581 283 1202 282 
2582 268 1199 267 
2583 286 1200 285 
2584 1750 1882 1379 
2585 1548 1697 1604 
2586 256 1196 255 
2587 274 1195 273 
2588 259 1197 258 
2589 277 1198 276 
2590 1790 1792 1195 
2591 1439 1601 1488 
2592 1535 1541 1536 
2593 1436 1437 1434 
2594 1202 1551 282 
2595 1512 1711 1514 
2596 1564 1650 1451 
2597 1242 1243 1237 
2598 284 1552 283 
2599 1481 1566 1565 
2600 1464 1496 1462 
2601 1421 1423 1422 
2602 1295 1653 1296 
2603 1371 1374 1372 
2604 1640 1848 1698 
2605 274 1557 1195 
2606 1478 1479 1471 
2607 1604 1744 1548 
2608 1373 1376 1375 
2609 1502 1757 1501 
2610 1559 1798 1560 
2611 1479 1575 1503 
2612 1495 1577 1459 
2613 259 1531 1197 
2614 1559 1779 1662 
2615 1574 1665 1659 
2616 1543 1725 1198 
2617 1593 1629 1594 
2618 1471 1503 1470 
2619 1383 1508 1384 
2620 1280 1631 1545 
2621 1630 1631 1280 
2622 1486 1870 1485 
2623 1514 1779 1559 
2624 1441 1466 1391 
2625 1392 1400 1399 
2626 1325 1883 1343 
2627 1485 1870 1479 
2628 1306 1686 1310 
2629 1554 1868 1200 
2630 1376 1446 1445 
2631 1205 1525 1207 
2632 1407 1863 1404 
2633 1379 1882 1732 
2634 1387 1389 1388 
2635 1300 1303 1302 
2636 1594 1837 1729 
2637 1217 1691 1218 
2638 1565 1756 1502 
2639 1500 1686 1337 
2640 1427 1754 1545 
2641 1641 1843 1489 
2642 1475 1863 1407 
2643 1354 1356 1351 
2644 1355 1678 1354 
2645 1500 1821 1735 
2646 1693 1823 1456 
2647 1593 1594 1403 
2648 1567 1647 1537 
2649 1314 1668 1622 
2650 275 1834 274 
2651 1535 1536 1533 
2652 1402 1404 1403 
2653 1411 1864 1409 
2654 1507 1814 1657 
2655 1512 1514 1513 
2656 1296 1300 1299 
2657 1221 1225 1224 
2658 1633 1790 1473 
2659 1505 1683 1331 
2660 1394 1396 1395 
2661 1202 1562 1551 
2662 1760 1761 1759 
2663 1546 1547 1524 
2664 1280 1791 1630 
2665 1564 1785 1624 
2666 1622 1668 1476 
2667 1455 1788 1573 
2668 1689 1738 1535 
2669 1753 1858 1426 
2670 1563 1627 1599 
2671 1246 1247 1243 
2672 285 1553 284 
2673 1553 1844 1555 
2674 1200 1868 285 
2675 1713 1833 1605 
2676 258 1765 257 
2677 1371 1795 1476 
2678 1205 1207 269 
2679 254 1532 1203 
2680 1206 1543 278 
2681 1587 1629 1593 
2682 1303 1824 1455 
2683 1509 1730 1510 
2684 1208 1342 1210 
2685 1342 1556 1210 
2686 1518 1563 1441 
2687 1367 1500 1368 
2688 1533 1542 1203 
2689 1214 1236 1217 
2690 285 1868 1553 
2691 1555 1578 1552 
2692 1374 1382 1381 
2693 267 1509 266 
2694 1659 1727 1644 
2695 1732 1854 1379 
2696 1204 1786 1531 
2697 1494 1820 1582 
2698 1430 1432 1431 
2699 1396 1398 1397 
2700 1414 1415 1412 
2701 1380 1764 1516 
2702 1378 1795 1370 
2703 269 1207 268 
2704 255 1532 254 
2705 278 1543 277 
2706 1579 1746 1277 
2707 1781 1806 1465 
2708 1431 1881 1423 
2709 1615 1870 1486 
2710 1406 1408 1407 
2711 1519 1707 1518 
2712 1214 1556 1236 
2713 1502 1776 1565 
2714 1537 1647 1538 
2715 1550 1568 263 
2716 1260 1838 1221 
2717 1300 1824 1303 
2718 1551 1571 281 
2719 1541 1664 1536 
2720 1210 1556 1214 
2721 1257 1279 1278 
2722 1739 1827 1621 
2723 281 1571 280 
2724 1218 1219 1216 
2725 263 1568 262 
2726 1211 1259 1209 
2727 1303 1306 1305 
2728 1691 1754 1428 
2729 1450 1523 1452 
2730 1291 1775 1652 
2731 264 1550 263 
2732 1267 1270 1269 
2733 1554 1692 1687 
2734 1710 1879 1515 
2735 1482 1840 1590 
2736 1717 1718 1590 
2737 1225 1227 1226 
2738 1462 1801 1570 
2739 1247 1862 1549 
2740 1399 1519 1518 
2741 1317 1318 1316 
2742 1539 1856 1789 
2743 282 1551 281 
2744 1757 1780 1501 
2745 1643 1880 1351 
2746 1844 1868 1554 
2747 1211 1724 1259 
2748 1496 1690 1674 
2749 1248 1249 1247 
2750 1288 1289 1287 
2751 1263 1266 1262 
2752 1514 1559 1558 
2753 260 1531 259 
2754 1351 1880 1348 
2755 256 1856 1539 
2756 1698 1841 1640 
2757 1196 1539 1537 
2758 1337 1686 1306 
2759 1206 1726 1543 
2760 1452 1785 1564 
2761 1670 1775 1291 
2762 1577 1813 1719 
2763 1454 1458 1457 
2764 1349 1842 1330 
2765 1434 1696 1432 
2766 1416 1417 1415 
2767 1201 1702 1550 
2768 1574 1659 1643 
2769 288 1772 287 
2770 1460 1758 1334 
2771 1732 1882 1763 
2772 1713 1880 1362 
2773 1523 1766 1343 
2774 1343 1826 1546 
2775 1781 1832 1464 
2776 1797 1798 1662 
2777 1539 1789 1567 
2778 1270 1274 1273 
2779 1378 1739 1621 
2780 1408 1410 1409 
2781 1348 1880 1344 
2782 254 1203 253 
2783 270 1205 269 
2784 261 1204 260 
2785 279 1206 278 
2786 1195 1792 1666 
2787 1711 1779 1514 
2788 1199 1853 1509 
2789 1371 1372 1369 
2790 1508 1709 1292 
2791 1428 1754 1427 
2792 1436 1442 1437 
2793 1582 1830 1494 
2794 1515 1873 1733 
2795 1653 1812 1296 
2796 1529 1579 1528 
2797 1387 1783 1521 
2798 1423 1881 1422 
2799 1195 1666 273 
2800 1730 1732 1731 
2801 1578 1867 1768 
2802 1589 1840 1685 
2803 1526 1529 1528 
2804 1295 1296 1289 
2805 1319 1321 1320 
2806 1549 1791 1280 
2807 1285 1329 1328 
2808 1529 1633 1579 
2809 1488 1685 1431 
2810 1236 1242 1237 
2811 1319 1770 1321 
2812 1359 1873 1515 
2813 1775 1870 1615 
2814 1387 1388 1385 
2815 1306 1310 1309 
2816 1336 1653 1295 
2817 1356 1520 1464 
2818 1410 1412 1411 
2819 1227 1231 1230 
2820 1259 1732 1730 
2821 1261 1773 1763 
2822 1706 1740 1705 
2823 1643 1659 1644 
2824 1632 1884 1335 
2825 1300 1302 1299 
2826 1292 1709 1233 
2827 1573 1821 1337 
2828 1249 1862 1247 
2829 273 1666 272 
2830 1657 1803 1445 
2831 1587 1593 1475 
2832 1426 1858 1428 
2833 1325 1767 1438 
2834 1539 1567 1537 
2835 1404 1863 1403 
2836 1282 1572 1279 
2837 1322 1715 1320 
2838 1555 1867 1578 
2839 1540 1856 257 
2840 1575 1775 1670 
2841 1245 1818 1601 
2842 1259 1854 1732 
2843 1484 1583 1282 
2844 1458 1471 1470 
2845 1553 1868 1844 
2846 1252 1253 1249 
2847 1541 1692 1664 
2848 1567 1748 1345 
2849 1455 1823 1788 
2850 1486 1777 1560 
2851 1221 1224 1219 
2852 1582 1820 1778 
2853 1242 1246 1243 
2854 1698 1848 1490 
2855 1506 1739 1375 
2856 1561 1664 1200 
2857 272 1712 271 
2858 1478 1485 1479 
2859 1209 1853 1199 
2860 1323 1745 1443 
2861 1429 1430 1423 
2862 1450 1766 1523 
2863 1418 1419 1417 
2864 1293 1866 1522 
2865 1330 1505 1331 
2866 1256 1257 1253 
2867 1347 1359 1358 
2868 1789 1856 1540 
2869 1448 1632 1473 
2870 1231 1233 1232 
2871 1601 1784 1612 
2872 1270 1831 1274 
2873 1504 1877 1708 
2874 1583 1836 1505 
2875 1551 1849 1571 
2876 1464 1832 1496 
2877 1331 1683 1347 
2878 1321 1330 1322 
2879 1576 1764 1380 
2880 1197 1765 258 
2881 1303 1305 1302 
2882 1522 1809 1576 
2883 1359 1515 1360 
2884 1353 1460 1334 
2885 1385 1866 1293 
2886 1365 1710 1364 
2887 1536 1664 1561 
2888 1420 1421 1419 
2889 1330 1678 1505 
2890 1740 1741 1705 
2891 1356 1464 1462 
2892 1394 1395 1389 
2893 1708 1877 1498 
2894 1225 1226 1224 
2895 1274 1287 1286 
2896 1345 1742 1647 
2897 1730 1731 1510 
2898 1523 1546 1524 
2899 1422 1881 1482 
2900 1362 1833 1713 
2901 1525 1527 1526 
2902 1267 1269 1266 
2903 1538 1828 1688 
2904 1705 1741 1540 
2905 1219 1724 1216 
2906 1340 1748 1741 
2907 1448 1473 1449 
2908 1682 1867 1844 
2909 1409 1864 1493 
2910 1625 1815 1524 
2911 1367 1686 1500 
2912 1246 1248 1247 
2913 1719 1784 1577 
2914 1405 1406 1404 
2915 1279 1572 1285 
2916 243 1581 244 
2917 1536 1561 1542 
2918 1361 1762 1578 
2919 1501 1778 1499 
2920 1233 1240 1239 
2921 1347 1683 1359 
2922 1393 1521 1490 
2923 1512 1513 1398 
2924 1414 1416 1415 
2925 1401 1402 1400 
2926 1732 1763 1731 
2927 1568 1810 262 
2928 1432 1696 1439 
2929 1467 1841 1698 
2930 1336 1829 1653 
2931 1310 1316 1315 
2932 1571 1811 280 
2933 1339 1448 1365 
2934 1329 1348 1344 
2935 1306 1309 1305 
2936 1282 1583 1572 
2937 1493 1864 1793 
2938 1476 1623 1622 
2939 1319 1320 1318 
2940 1531 1786 1444 
2941 1560 1839 1350 
2942 1704 1706 1705 
2943 248 1592 249 
2944 1357 1361 1346 
2945 13 1810 261 
2946 262 1810 13 
2947 15 1811 279 
2948 280 1811 15 
2949 1688 1689 1538 
2950 9 1588 125 
2951 1346 1715 1322 
2952 1521 1783 1466 
2953 1216 1724 1211 
2954 1323 1443 1352 
2955 1550 1703 1568 
2956 1348 1354 1351 
2957 1227 1230 1226 
2958 1397 1609 1516 
2959 1685 1881 1431 
2960 1452 1875 1607 
2961 1240 1262 1255 
2962 1339 1722 1448 
2963 1203 1874 253 
2964 12 1599 228 
2965 1396 1721 1511 
2966 1344 1880 1713 
2967 1578 1768 1361 
2968 1374 1381 1372 
2969 1514 1558 1513 
2970 130 1596 131 
2971 1544 1743 1530 
2972 1536 1542 1533 
2973 1704 1705 1197 
2974 232 1598 233 
2975 136 1608 137 
2976 1697 1699 1604 
2977 1270 1273 1269 
2978 216 1616 217 
2979 1481 1718 1566 
2980 1661 1779 1276 
2981 1453 1454 1446 
2982 210 1637 211 
2983 1542 1772 1203 
2984 212 1600 213 
2985 1724 1854 1259 
2986 1511 1721 1611 
2987 1274 1286 1273 
2988 1465 1832 1781 
2989 1396 1397 1395 
2990 1359 1360 1358 
2991 1570 1574 1461 
2992 206 1634 207 
2993 208 1610 209 
2994 1369 1769 1326 
2995 1296 1299 1298 
2996 1793 1864 1494 
2997 1652 1775 1615 
2998 230 1642 231 
2999 214 1639 215 
3000 1384 1508 1390 
3001 138 1618 139 
3002 1660 1850 1492 
3003 1372 1769 1369 
3004 235 1645 236 
3005 1826 1883 1328 
3006 1426 1782 1753 
3007 1354 1520 1356 
3008 1353 1702 1460 
3009 228 1627 229 
3010 1433 1434 1432 
3011 1248 1252 1249 
3012 250 1215 251 
3013 242 1212 243 
3014 1206 1819 1726 
3015 142 1602 143 
3016 233 1628 234 
3017 1345 1748 1286 
3018 1310 1315 1309 
3019 245 1213 246 
3020 1793 1825 1493 
3021 1281 1282 1279 
3022 1231 1232 1230 
3023 1497 1710 1365 
3024 1571 1849 1819 
3025 1349 1806 1781 
3026 1520 1781 1464 
3027 1413 1414 1412 
3028 1668 1876 1498 
3029 11 1648 194 
3030 1435 1436 1434 
3031 1421 1429 1423 
3032 244 1584 245 
3033 1684 1707 1519 
3034 1379 1724 1219 
3035 252 1235 9 
3036 1643 1644 1362 
3037 1338 1484 1282 
3038 1233 1239 1232 
3039 237 1220 238 
3040 1286 1748 1340 
3041 1398 1609 1397 
3042 1416 1418 1417 
3043 1382 1465 1381 
3044 1556 1736 1236 
3045 146 1665 147 
3046 129 1244 130 
3047 246 1591 247 
3048 1529 1792 1790 
3049 1361 1715 1346 
3050 1681 1690 1504 
3051 1443 1704 1444 
3052 1565 1776 1480 
3053 1632 1633 1473 
3054 257 1856 256 
3055 241 1580 242 
3056 1383 1709 1508 
3057 1360 1366 1358 
3058 1252 1256 1253 
3059 1343 1883 1826 
3060 247 1223 248 
3061 135 1250 136 
3062 251 1717 252 
3063 144 1658 145 
3064 1683 1836 1484 
3065 141 1258 142 
3066 211 1264 212 
3067 1324 1847 1768 
3068 1304 1689 1688 
3069 1443 1706 1704 
3070 1730 1853 1259 
3071 1201 1760 1702 
3072 238 1747 239 
3073 1505 1836 1683 
3074 1287 1345 1286 
3075 1473 1557 1449 
3076 217 1234 12 
3077 1202 1762 1562 
3078 1520 1842 1781 
3079 1204 1810 1568 
3080 1662 1798 1559 
3081 207 1268 208 
3082 231 1228 232 
3083 1368 1500 1373 
3084 1395 1755 1389 
3085 240 1222 241 
3086 1448 1449 1365 
3087 239 1597 240 
3088 1731 1763 1759 
3089 1330 1331 1322 
3090 1289 1742 1287 
3091 1347 1358 1357 
3092 1772 1874 1203 
3093 1321 1322 1320 
3094 236 1585 237 
3095 1439 1696 1577 
3096 1353 1703 1702 
3097 1302 1304 1299 
3098 1443 1444 1352 
3099 200 1275 201 
3100 1392 1401 1400 
3101 1566 1796 1565 
3102 1350 1802 1609 
3103 1817 1862 1249 
3104 137 1254 138 
3105 1428 1858 1691 
3106 128 1595 129 
3107 1206 1811 1571 
3108 134 1606 135 
3109 1257 1281 1279 
3110 1484 1836 1583 
3111 1296 1298 1289 
3112 215 1241 216 
3113 1647 1828 1538 
3114 1575 1804 1503 
3115 1682 1844 1687 
3116 1298 1742 1289 
3117 1429 1630 1430 
3118 1341 1740 1706 
3119 169 1677 170 
3120 1559 1560 1558 
3121 1418 1420 1419 
3122 205 1272 206 
3123 125 1638 126 
3124 249 1751 250 
3125 1318 1324 1316 
3126 1240 1255 1239 
3127 1460 1760 1759 
3128 1521 1698 1490 
3129 1574 1643 1461 
3130 147 1283 148 
3131 1515 1725 1360 
3132 209 1271 210 
3133 139 1548 140 
3134 1262 1323 1255 
3135 1352 1353 1334 
3136 1529 1790 1633 
3137 1402 1405 1404 
3138 127 1612 128 
3139 1788 1823 1477 
3140 1406 1530 1408 
3141 167 1667 168 
3142 213 1265 214 
3143 1546 1826 1805 
3144 164 1679 165 
3145 1212 1581 243 
3146 175 1377 176 
3147 1331 1347 1346 
3148 126 1245 127 
3149 131 1649 132 
3150 1829 1839 1777 
3151 270 1852 1205 
3152 1517 1838 1695 
3153 204 1635 205 
3154 1347 1357 1346 
3155 133 1624 134 
3156 171 1307 172 
3157 1430 1433 1432 
3158 199 1613 200 
3159 1498 1877 1374 
3160 194 1290 195 
3161 1355 1816 1583 
3162 1653 1829 1693 
3163 1449 1497 1365 
3164 1442 1766 1450 
3165 201 1661 202 
3166 140 1744 141 
3167 179 1447 180 
3168 1281 1338 1282 
3169 1494 1864 1820 
3170 1725 1879 1198 
3171 1256 1722 1257 
3172 132 1251 133 
3173 1594 1729 1403 
3174 229 1238 230 
3175 198 1487 199 
3176 1242 1277 1246 
3177 1331 1346 1322 
3178 1682 1687 1315 
3179 1269 1341 1266 
3180 1376 1453 1446 
3181 1403 1863 1593 
3182 1583 1816 1572 
3183 1323 1352 1334 
3184 1493 1825 1569 
3185 1581 1584 244 
3186 143 1363 144 
3187 203 1646 204 
3188 1257 1722 1281 
3189 1309 1327 1305 
3190 1281 1339 1338 
3191 1477 1478 1471 
3192 202 1276 203 
3193 1286 1340 1273 
3194 1323 1334 1255 
3195 1568 1846 1204 
3196 1702 1760 1460 
3197 1425 1776 1502 
3198 183 1472 11 
3199 1405 1626 1406 
3200 234 1229 235 
3201 1235 1590 1589 
3202 1565 1796 1756 
3203 180 1654 181 
3204 176 1656 177 
3205 1239 1333 1232 
3206 181 1297 182 
3207 1781 1842 1349 
3208 1380 1831 1576 
3209 1421 1734 1429 
3210 1339 1365 1364 
3211 1410 1413 1412 
3212 1339 1364 1338 
3213 1224 1379 1219 
3214 1435 1549 1491 
3215 1815 1875 1524 
3216 178 1636 179 
3217 1299 1688 1298 
3218 1540 1765 1705 
3219 1426 1428 1427 
3220 1426 1427 1420 
3221 1413 1544 1424 
3222 177 1301 178 
3223 182 1651 183 
3224 1662 1779 1661 
3225 1571 1819 1206 
3226 1316 1682 1315 
3227 1401 1663 1402 
3228 148 1671 10 
3229 1430 1630 1433 
3230 1414 1694 1416 
3231 1697 1851 1547 
3232 195 1670 196 
3233 1504 1690 1382 
3234 1340 1741 1740 
3235 1397 1516 1440 
3236 145 1284 146 
3237 197 1652 198 
3238 245 1584 1213 
3239 1235 1588 9 
3240 1433 1435 1434 
3241 1436 1716 1442 
3242 1731 1761 1510 
3243 174 1617 175 
3244 1435 1491 1436 
3245 159 1672 160 
3246 1406 1626 1530 
3247 1235 1717 1590 
3248 170 1619 171 
3249 172 1675 173 
3250 242 1580 1212 
3251 1413 1424 1414 
3252 1678 1842 1520 
3253 1213 1591 246 
3254 165 1669 166 
3255 1248 1335 1252 
3256 1223 1592 248 
3257 196 1291 197 
3258 1230 1261 1226 
3259 1601 1818 1488 
3260 1569 1825 1597 
3261 14 1852 270 
3262 271 1852 14 
3263 1215 1717 251 
3264 1429 1631 1630 
3265 1418 1426 1420 
3266 1546 1805 1547 
3267 1592 1751 249 
3268 1350 1845 1802 
3269 10 1463 159 
3270 261 1810 1204 
3271 279 1811 1206 
3272 1420 1734 1421 
3273 1508 1723 1390 
3274 161 1700 162 
3275 166 1312 167 
3276 250 1751 1215 
3277 1244 1596 130 
3278 1228 1837 1598 
3279 1768 1847 1715 
3280 1304 1738 1689 
3281 1527 1792 1526 
3282 1468 1769 1372 
3283 1611 1859 1511 
3284 173 1308 174 
3285 1748 1789 1741 
3286 1456 1824 1812 
3287 1620 1621 1307 
3288 1541 1860 1692 
3289 1304 1688 1299 
3290 1576 1831 1270 
3291 1653 1693 1456 
3292 1234 1599 12 
3293 1250 1608 136 
3294 252 1717 1235 
3295 1599 1627 228 
3296 1490 1848 1641 
3297 1258 1604 1603 
3298 1220 1747 238 
3299 247 1591 1223 
3300 1585 1587 1586 
3301 1588 1638 125 
3302 1577 1696 1459 
3303 1402 1663 1405 
3304 1228 1598 232 
3305 1389 1755 1388 
3306 217 1616 1234 
3307 211 1637 1264 
3308 1674 1700 1313 
3309 1264 1600 212 
3310 168 1314 169 
3311 1619 1622 1620 
3312 237 1585 1220 
3313 1485 1777 1486 
3314 1676 1835 1512 
3315 1598 1628 233 
3316 1324 1682 1316 
3317 1353 1714 1703 
3318 1262 1745 1323 
3319 163 1311 164 
3320 1285 1572 1329 
3321 137 1608 1254 
3322 1222 1580 241 
3323 1506 1827 1739 
3324 1453 1573 1454 
3325 207 1634 1268 
3326 1268 1610 208 
3327 1241 1616 216 
3328 231 1642 1228 
3329 162 1680 163 
3330 1258 1602 142 
3331 1440 1755 1395 
3332 129 1595 1244 
3333 1258 1744 1604 
3334 239 1747 1597 
3335 1287 1742 1345 
3336 236 1645 1585 
3337 1650 1871 1495 
3338 1701 1857 1563 
3339 1596 1649 131 
3340 1254 1618 138 
3341 1338 1733 1484 
3342 240 1597 1222 
3343 1478 1693 1485 
3344 1592 1796 1566 
3345 1352 1714 1353 
3346 1487 1615 1614 
3347 215 1639 1241 
3348 1272 1634 206 
3349 1484 1873 1683 
3350 1305 1737 1302 
3351 1271 1637 210 
3352 1768 1867 1324 
3353 1695 1753 1694 
3354 1513 1609 1398 
3355 135 1606 1250 
3356 1424 1694 1414 
3357 1844 1867 1555 
3358 1390 1723 1392 
3359 1621 1675 1307 
3360 209 1610 1271 
3361 1429 1734 1631 
3362 1397 1440 1395 
3363 213 1600 1265 
3364 1581 1749 1584 
3365 1674 1681 1680 
3366 1666 1792 1527 
3367 1673 1674 1313 
3368 1623 1795 1378 
3369 1491 1716 1436 
3370 139 1618 1548 
3371 1444 1714 1352 
3372 1281 1722 1339 
3373 1212 1582 1581 
3374 1458 1477 1471 
3375 1695 1838 1260 
3376 1360 1726 1366 
3377 1265 1639 214 
3378 1205 1852 1712 
3379 1424 1695 1694 
3380 1702 1703 1550 
3381 1777 1839 1560 
3382 1327 1860 1737 
3383 1737 1860 1738 
3384 253 1874 16 
3385 16 1874 288 
3386 1236 1736 1242 
3387 1526 1792 1529 
3388 1737 1738 1304 
3389 1238 1642 230 
3390 1381 1468 1372 
3391 1713 1805 1483 
3392 1361 1768 1715 
3393 1705 1765 1197 
3394 141 1744 1258 
3395 1487 1652 1615 
3396 229 1627 1238 
3397 1266 1745 1262 
3398 1591 1756 1223 
3399 128 1612 1595 
3400 1364 1733 1338 
3401 1575 1870 1775 
3402 1500 1735 1373 
3403 1448 1865 1632 
3404 1348 1355 1354 
3405 1302 1737 1304 
3406 1229 1645 235 
3407 200 1613 1275 
3408 143 1602 1363 
3409 147 1665 1283 
3410 1275 1661 201 
3411 1246 1746 1248 
3412 134 1624 1606 
3413 1235 1589 1588 
3414 1427 1734 1420 
3415 1622 1623 1620 
3416 126 1638 1245 
3417 1435 1791 1549 
3418 234 1628 1229 
3419 1413 1743 1544 
3420 194 1648 1290 
3421 1585 1586 1220 
3422 1585 1645 1587 
3423 1611 1721 1720 
3424 1516 1764 1440 
3425 1687 1752 1315 
3426 205 1635 1272 
3427 1725 1726 1360 
3428 1741 1789 1540 
3429 1408 1743 1410 
3430 1226 1750 1224 
3431 1626 1799 1469 
3432 1588 1774 1638 
3433 1245 1612 127 
3434 160 1313 161 
3435 1715 1847 1320 
3436 1548 1744 140 
3437 1606 1607 1250 
3438 1472 1648 11 
3439 1373 1735 1376 
3440 1684 1837 1228 
3441 1680 1700 1674 
3442 1582 1749 1581 
3443 1742 1828 1647 
3444 1616 1701 1234 
3445 1334 1758 1255 
3446 1489 1843 1660 
3447 1213 1757 1591 
3448 1595 1719 1244 
3449 1805 1826 1483 
3450 1562 1849 1551 
3451 1582 1778 1749 
3452 1608 1625 1254 
3453 132 1649 1251 
3454 1392 1723 1401 
3455 1637 1660 1264 
3456 1251 1624 133 
3457 1644 1833 1362 
3458 1382 1832 1465 
3459 1377 1656 176 
3460 1685 1840 1482 
3461 1642 1684 1228 
3462 1487 1613 199 
3463 1547 1699 1697 
3464 204 1646 1635 
3465 1802 1845 1332 
3466 1363 1658 144 
3467 1327 1737 1305 
3468 1600 1641 1265 
3469 1530 1743 1408 
3470 1597 1747 1569 
3471 1619 1677 1622 
3472 1382 1877 1504 
3473 1447 1654 180 
3474 1283 1671 148 
3475 202 1661 1276 
3476 1639 1640 1241 
3477 1341 1745 1266 
3478 1610 1720 1271 
3479 1330 1842 1678 
3480 1716 1767 1442 
3481 179 1636 1447 
3482 1260 1753 1695 
3483 1819 1849 1366 
3484 1284 1665 146 
3485 1315 1752 1309 
3486 1238 1707 1642 
3487 1722 1865 1448 
3488 1649 1650 1251 
3489 1442 1767 1766 
3490 1276 1646 203 
3491 175 1617 1377 
3492 1753 1782 1694 
3493 1290 1670 195 
3494 1456 1812 1653 
3495 1242 1736 1277 
3496 171 1619 1307 
3497 1509 1853 1730 
3498 145 1658 1284 
3499 1307 1675 172 
3500 181 1654 1297 
3501 1618 1697 1548 
3502 1268 1611 1610 
3503 1604 1605 1603 
3504 177 1656 1301 
3505 1318 1847 1324 
3506 183 1651 1472 
3507 1275 1662 1661 
3508 1628 1629 1229 
3509 1297 1651 182 
3510 1272 1676 1634 
3511 1301 1636 178 
3512 1589 1774 1588 
3513 198 1652 1487 
3514 1333 1773 1232 
3515 1277 1746 1246 
3516 1511 1859 1676 
3517 1690 1832 1382 
3518 1619 1620 1307 
3519 1340 1861 1273 
3520 1258 1603 1602 
3521 1720 1721 1492 
3522 1609 1802 1516 
3523 1248 1746 1335 
3524 1309 1752 1327 
3525 170 1677 1619 
3526 1232 1773 1230 
3527 1646 1711 1635 
3528 1224 1750 1379 
3529 1636 1787 1447 
3530 1410 1743 1413 
3531 1656 1657 1301 
3532 1264 1843 1600 
3533 1222 1793 1580 
3534 1468 1771 1770 
3535 1749 1778 1501 
3536 1292 1800 1794 
3537 1376 1735 1453 
3538 1557 1834 1449 
3539 1654 1655 1297 
3540 1241 1841 1616 
3541 1255 1758 1239 
3542 1820 1864 1411 
3543 1487 1614 1613 
3544 1239 1758 1333 
3545 165 1679 1669 
3546 196 1670 1291 
3547 1438 1767 1716 
3548 1714 1846 1703 
3549 1584 1780 1213 
3550 10 1671 1463 
3551 1573 1788 1454 
3552 1547 1805 1699 
3553 1648 1804 1290 
3554 1468 1770 1769 
3555 1291 1652 197 
3556 1418 1782 1426 
3557 1479 1870 1575 
3558 1261 1750 1226 
3559 1563 1857 1441 
3560 1543 1726 1725 
3561 1651 1728 1472 
3562 1312 1667 167 
3563 1642 1707 1684 
3564 1602 1727 1363 
3565 1604 1699 1605 
3566 1667 1668 1314 
3567 1763 1882 1261 
3568 1259 1853 1209 
3569 166 1669 1312 
3570 1809 1869 1576 
3571 1449 1834 1497 
3572 1314 1677 169 
3573 1308 1617 174 
3574 1669 1708 1312 
3575 1728 1822 1470 
3576 1269 1861 1341 
3577 173 1675 1308 
3578 1265 1848 1639 
3579 1271 1850 1637 
3580 1591 1757 1756 
3581 1580 1830 1212 
3582 168 1667 1314 
3583 1770 1771 1321 
3584 1688 1828 1298 
3585 1597 1825 1222 
3586 1794 1800 1663 
3587 1812 1824 1300 
3588 1311 1679 164 
3589 1416 1782 1418 
3590 1230 1773 1261 
3591 1778 1820 1499 
3592 1799 1800 1469 
3593 1454 1788 1458 
3594 1658 1659 1284 
3595 1694 1782 1416 
3596 1444 1786 1714 
3597 1463 1672 159 
3598 1336 1839 1829 
3599 1482 1881 1685 
3600 1771 1806 1349 
3601 1611 1720 1610 
3602 1298 1828 1742 
3603 1660 1843 1264 
3604 1213 1780 1757 
3605 1786 1846 1714 
3606 1201 1761 1760 
3607 1630 1791 1433 
3608 1593 1863 1475 
3609 1701 1841 1467 
3610 1663 1800 1799 
3611 1703 1846 1568 
3612 1640 1841 1241 
3613 1566 1751 1592 
3614 1671 1801 1463 
3615 1204 1846 1786 
3616 1578 1878 1552 
3617 1608 1815 1625 
3618 1433 1791 1435 
3619 1693 1829 1485 
3620 1273 1861 1269 
3621 1726 1819 1366 
3622 1329 1816 1348 
3623 1612 1784 1595 
3624 1641 1848 1265 
3625 1223 1796 1592 
3626 1341 1861 1740 
3627 1335 1884 1252 
3628 1388 1866 1385 
3629 1687 1844 1554 
3630 1590 1840 1589 
3631 1749 1780 1584 
3632 163 1680 1311 
3633 1515 1879 1725 
3634 1401 1794 1663 
3635 1212 1830 1582 
3636 1755 1809 1388 
3637 1624 1785 1606 
3638 1740 1861 1340 
3639 1405 1799 1626 
3640 1320 1847 1318 
3641 162 1700 1680 
3642 1720 1850 1271 
3643 1663 1799 1405 
3644 1549 1862 1491 
3645 1498 1876 1708 
3646 1680 1681 1311 
3647 1496 1832 1690 
3648 1712 1852 271 
3649 1465 1806 1381 
3650 1603 1727 1602 
3651 1793 1830 1580 
3652 1618 1851 1697 
3653 1244 1813 1596 
3654 1222 1825 1793 
3655 1613 1797 1275 
3656 1252 1884 1256 
3657 1468 1806 1771 
3658 1756 1796 1223 
3659 1512 1835 1711 
3660 1629 1872 1594 
3661 1250 1815 1608 
3662 1683 1873 1359 
3663 1377 1803 1656 
3664 1348 1816 1355 
3665 1572 1816 1329 
3666 160 1672 1313 
3667 1606 1785 1607 
3668 1672 1673 1313 
3669 1491 1817 1716 
3670 1324 1867 1682 
3671 1595 1784 1719 
3672 1379 1854 1724 
3673 1723 1794 1401 
3674 1676 1859 1634 
3675 1638 1818 1245 
3676 1458 1788 1477 
3677 1567 1789 1748 
3678 1467 1857 1701 
3679 1616 1841 1701 
3680 1733 1873 1484 
3681 1313 1700 161 
3682 1447 1807 1654 
3683 1762 1878 1578 
3684 1614 1798 1797 
3685 1198 1879 1710 
3686 1600 1843 1641 
3687 1491 1862 1817 
3688 1381 1806 1468 
3689 1628 1872 1629 
3690 1774 1818 1638 
3691 1617 1808 1377 
3692 1301 1814 1636 
3693 1607 1815 1250 
3694 1639 1848 1640 
3695 1637 1850 1660 
3696 1453 1821 1573 
3697 1596 1871 1649 
3698 1667 1876 1668 
3699 1719 1813 1244 
3700 1297 1822 1651 
3701 1813 1871 1596 
3702 1275 1797 1662 
3703 1635 1835 1272 
3704 1648 1855 1804 
3705 1738 1860 1541 
3706 1656 1803 1657 
3707 1649 1871 1650 
3708 1787 1807 1447 
3709 1809 1866 1388 
3710 1576 1869 1764 
3711 1735 1821 1453 
3712 1839 1845 1350 
3713 1711 1835 1635 
3714 1657 1814 1301 
3715 1614 1797 1613 
3716 1804 1855 1503 
3717 1654 1807 1655 
3718 1256 1865 1722 
3719 1716 1817 1438 
3720 1636 1814 1787 
3721 1254 1851 1618 
3722 1485 1829 1777 
3723 1655 1822 1297 
3724 1634 1859 1268 
3725 1625 1851 1254 
3726 1308 1827 1617 
3727 1764 1869 1440 
3728 1272 1835 1676 
3729 288 1874 1772 
3730 1651 1822 1728 
3731 1492 1850 1720 
3732 1755 1869 1809 
3733 1202 1878 1762 
3734 1260 1858 1753 
3735 1472 1855 1648 
3736 1605 1833 1603 
3737 1598 1872 1628 
3738 1268 1859 1611 
3739 1488 1818 1774 
3740 1377 1808 1803 
3741 1495 1871 1813 
3742 1455 1824 1823 
3743 1440 1869 1755 
3744 1756 1757 1502 
3745 1823 1824 1456 
3746 1728 1855 1472 
3747 1603 1833 1727 
3748 1837 1872 1598 
3749 1261 1882 1750 
3750 1708 1876 1312 
3751 1617 1827 1808 
3752 1336 1845 1839 
3753 1312 1876 1667 
3754 1501 1780 1749 
3755 1607 1875 1815 
3756 1494 1830 1793 
3757 1787 1814 1507 
3758 1808 1827 1506 
3759 1256 1884 1865 
3760 1522 1866 1809 
3761 1727 1833 1644 
3762 1865 1884 1632 
3763 1594 1872 1837 
3764 1627 1707 1238 
3765 1283 1801 1671 
3766 1507 1807 1787 
3767 1615 1798 1614 
3768 1679 1708 1669 
$EndElements
